"sku","nombre","precio","marca","categoria","stock","tipo_venta","descripcion","imagenes","fuente_origen"
"CM-603005420-GP","Kit Upgrade Actualización Cooler Master Intel Lga 1700 Cpu","10988.00","insumosacuario","accesorios","10","directa","Kit Upgrade Actualización Cooler Master Intel Lga 1700 Cpu","https://mla-s1-p.mlstatic.com/924601-MLA92920801843_092025-AB.jpg","scraping"
"CM-SICKLEFLOWEDGE120ARGB-WH","Cooler Cooler Master Sickleflow Edge 120 Argb White","28761.00","insumosacuario","accesorios","10","directa","Cooler Cooler Master Sickleflow Edge 120 Argb White","https://mla-s1-p.mlstatic.com/854027-MLA92512096024_092025-AB.jpg","scraping"
"CL-P146-CA13SW-A","Cpu Cooler Thermaltake Cl-p146-ca13sw-aux150 Argb - Negro","33396.00","insumosacuario","accesorios","10","directa","Cpu Cooler Thermaltake Cl-p146-ca13sw-aux150 Argb - Negro","https://mla-s1-p.mlstatic.com/982528-MLA96526938649_102025-AB.jpg","scraping"
"CL-P147-CA13SW-A","Cooler Cpu Thermaltake INTEL Ux150-l Argb Intel Cl-p147-ca13sw-a","39763.00","insumosacuario","accesorios","10","directa","Cooler Cpu Thermaltake INTEL Ux150-l Argb Intel Cl-p147-ca13sw-a","https://mla-s1-p.mlstatic.com/845249-MLA96519645655_102025-AB.jpg","scraping"
"XYZ-THERMAX4-WH","Cooler Cpu Xyz Thermax 4 White Vortex Argb Fan Pwm Control","41322.00","insumosacuario","accesorios","10","directa","Cooler Cpu Xyz Thermax 4 White Vortex Argb Fan Pwm Control","https://mla-s1-p.mlstatic.com/602773-MLA92473567924_092025-AB.jpg","scraping"
"AEROCOOLCOREPLUSARGBPMW4P","Cooler Cpu Aerocool Core Plus A Rgb Intel Amd Am4 1151 Am3","41871.00","insumosacuario","accesorios","10","directa","Cooler Cpu Aerocool Core Plus A Rgb Intel Amd Am4 1151 Am3","https://mla-s1-p.mlstatic.com/776255-MLA92471894248_092025-AB.jpg","scraping"
"THERMALTAKEUX200-ARGB","Cpu Cooler Thermaltake Ux200 Argb 43.34 Cfm 26 Dba Acuario","44874.00","insumosacuario","accesorios","10","directa","Cpu Cooler Thermaltake Ux200 Argb 43.34 Cfm 26 Dba Acuario","https://mla-s1-p.mlstatic.com/617196-MLA92484117760_092025-AB.jpg","scraping"
"CL-P144-AL12SW-A","Enfriador Thermaltake Ux500 Argb Negro Con 1 Ventilador Cl-p - Plateado","47170.00","insumosacuario","accesorios","10","directa","Enfriador Thermaltake Ux500 Argb Negro Con 1 Ventilador Cl-p - Plateado","https://mla-s1-p.mlstatic.com/742941-MLA96519647747_102025-AB.jpg","scraping"
"TT-CL-P105-AL12SW-A","Disipador Cpu Por Aire Intel Amd- Thermaltake Ux200 Se Argb","48960.00","insumosacuario","accesorios","10","directa","Disipador Cpu Por Aire Intel Amd- Thermaltake Ux200 Se Argb","https://mla-s1-p.mlstatic.com/863387-MLA96518277929_102025-AB.jpg","scraping"
"XYZ-VORTEX-6-WH","Cooler Cpu Xyz Thermax 6 White Argb Vortex Argb Fan Pwm Cont","49913.00","insumosacuario","accesorios","10","directa","Cooler Cpu Xyz Thermax 6 White Argb Vortex Argb Fan Pwm Cont","https://mla-s1-p.mlstatic.com/696164-MLA92438778028_092025-AB.jpg","scraping"
"COOLMASTHYPER212ARGB","Cooler Cpu Cooler Master Hyper 212 Argb Intel Amd C/ Control","50924.00","insumosacuario","accesorios","10","directa","Cooler Cpu Cooler Master Hyper 212 Argb Intel Amd C/ Control","https://mla-s1-p.mlstatic.com/601691-MLA92514690552_092025-AB.jpg","scraping"
"TT-CL-P116-AL12SW-A","Disipador Cpu Por Aire Intel Amd- Thermaltake Ux200 Se Argb","51357.00","insumosacuario","accesorios","10","directa","Disipador Cpu Por Aire Intel Amd- Thermaltake Ux200 Se Argb","https://mla-s1-p.mlstatic.com/825340-MLA96078740856_102025-AB.jpg","scraping"
"CL-P145-AL12SW-A","Cooler Thermaltake Ux500 Argb Blanco Con 1 Ventilador Cl-p14 - Blanco","53061.00","insumosacuario","accesorios","10","directa","Cooler Thermaltake Ux500 Argb Blanco Con 1 Ventilador Cl-p14 - Blanco","https://mla-s1-p.mlstatic.com/684335-MLA96511572915_102025-AB.jpg","scraping"
"XYZ-THERMAKX6PULSAR-WH","Cooler Cpu Xyz Thermax 6 Pulsar White Custom, Display Temp","59471.00","insumosacuario","accesorios","10","directa","Cooler Cpu Xyz Thermax 6 Pulsar White Custom, Display Temp","https://mla-s1-p.mlstatic.com/782846-MLA92444018176_092025-AB.jpg","scraping"
"CO-9050193-WW","Kit Coolers Corsair Rs120 3x 120mm X 25mm 2100rpm Pwm 4pin Blanco","64582.00","insumosacuario","accesorios","10","directa","Kit Coolers Corsair Rs120 3x 120mm X 25mm 2100rpm Pwm 4pin Blanco","https://mla-s1-p.mlstatic.com/763483-MLA110935846796_052026-AB.jpg","scraping"
"3MFZR50.0001","Cpu Cooler Cougar Gaming Forza 50 Argb Mhp 120 120 Negro","66286.00","insumosacuario","accesorios","10","directa","Cpu Cooler Cougar Gaming Forza 50 Argb Mhp 120 120 Negro","https://mla-s1-p.mlstatic.com/852679-MLA99877181051_112025-AB.jpg","scraping"
"CL-P137-AL12SW-A","Cooler Cpu Thermaltake Astria 200 Argb Tdp 210w Color Blanco","69982.00","insumosacuario","accesorios","10","directa","Cooler Cpu Thermaltake Astria 200 Argb Tdp 210w Color Blanco","https://mla-s1-p.mlstatic.com/869063-MLA96069318360_102025-AB.jpg","scraping"
"CL-P119-AL12S","Cooler Cpu Astria 200 Argb Black Thermaltake Led Negro","71599.00","insumosacuario","accesorios","10","directa","Cooler Cpu Astria 200 Argb Black Thermaltake Led Negro","https://mla-s1-p.mlstatic.com/606645-MLA82067152933_012025-AB.jpg","scraping"
"XYZ-THERMAX6DUO-WH","Cpu Cooler Xyz Thermax 6 Duo White Argb 2x Pwm Fans","80248.00","insumosacuario","accesorios","10","directa","Cpu Cooler Xyz Thermax 6 Duo White Argb 2x Pwm Fans","https://mla-s1-p.mlstatic.com/918855-MLA92895615085_092025-AB.jpg","scraping"
"AEROCOOLRAVE3","Cpu Cooler Aerocool Rave 3 Argb Lga1200 Am4 Am3 Am2 120mm","80291.00","insumosacuario","accesorios","10","directa","Cpu Cooler Aerocool Rave 3 Argb Lga1200 Am4 Am3 Am2 120mm","https://mla-s1-p.mlstatic.com/630523-MLA92473223024_092025-AB.jpg","scraping"
"AEROCOOLRAVE4","Cpu Cooler Aerocool Rave 4 Argb Amd Intel Rgb 120mm Acuario","87640.00","insumosacuario","accesorios","10","directa","Cpu Cooler Aerocool Rave 4 Argb Amd Intel Rgb 120mm Acuario","https://mla-s1-p.mlstatic.com/681519-MLA92889660669_092025-AB.jpg","scraping"
"XYZ-THERMAX6DUO-BK","Cpu Cooler Xyz Thermax 6 Duo Argb 2x Pwm Fans Amd Intel","90037.00","insumosacuario","accesorios","10","directa","Cpu Cooler Xyz Thermax 6 Duo Argb 2x Pwm Fans Amd Intel","https://mla-s1-p.mlstatic.com/637575-MLA92846692981_092025-AB.jpg","scraping"
"CL-P138-CA12SW-A","Disipador Cooler Cpu Thermaltake Astria 400 White 160mm Tdp","97097.00","insumosacuario","accesorios","10","directa","Disipador Cooler Cpu Thermaltake Astria 400 White 160mm Tdp","https://mla-s1-p.mlstatic.com/973183-MLA96513645395_102025-AB.jpg","scraping"
"CL-F181-PL12SW-A","Cooler Thermaltake Ct120 Ex Argb Sync Magforce 2.0 Negro X3","101977.00","insumosacuario","accesorios","10","directa","Cooler Thermaltake Ct120 Ex Argb Sync Magforce 2.0 Negro X3","https://mla-s1-p.mlstatic.com/747118-MLA82133291959_012025-AB.jpg","scraping"
"3MFZR85.0001","Enfriador De Aire Cougar Gaming Forza 85 Argb Mhp 120","105183.00","insumosacuario","accesorios","10","directa","Enfriador De Aire Cougar Gaming Forza 85 Argb Mhp 120","https://mla-s1-p.mlstatic.com/849716-MLU74361189086_022024-AB.jpg","scraping"
"CL-F190-PL12SW-A","Cooler Thermaltake Ct120 Ex Argb Sync Magforce 2.0 Blanco X3","107074.00","insumosacuario","accesorios","10","directa","Cooler Thermaltake Ct120 Ex Argb Sync Magforce 2.0 Blanco X3","https://mla-s1-p.mlstatic.com/975004-MLA96079413852_102025-AB.jpg","scraping"
"CL-F219-PL12PK-A","Ventiladores De Refrigeración Thermaltake Ct120 Ex Argb Sync - Pink","109052.00","insumosacuario","accesorios","10","directa","Ventiladores De Refrigeración Thermaltake Ct120 Ex Argb Sync - Pink","https://mla-s1-p.mlstatic.com/667659-MLA96527790031_102025-AB.jpg","scraping"
"XYZ-THERMAK6PRODUO-BK","Cpu Cooler Thermax 6 Duo Pro 2xpwm Fans Real Time Monitoring","109139.00","insumosacuario","accesorios","10","directa","Cpu Cooler Thermax 6 Duo Pro 2xpwm Fans Real Time Monitoring","https://mla-s1-p.mlstatic.com/647276-MLA92491026500_092025-AB.jpg","scraping"
"CL-F195-PL14SW-A","Ventilador De Enfriamiento Thermaltake Ct140 Ex Argb Blanco - Blanco","111420.00","insumosacuario","accesorios","10","directa","Ventilador De Enfriamiento Thermaltake Ct140 Ex Argb Blanco - Blanco","https://mla-s1-p.mlstatic.com/818152-MLA96078723978_102025-AB.jpg","scraping"
"CL-F215-PL12BB-A","Ventilador De Refrigeración Thermaltake Ct120 Ex Argb Sync - Bumblebee","111535.00","insumosacuario","accesorios","10","directa","Ventilador De Refrigeración Thermaltake Ct120 Ex Argb Sync - Bumblebee","https://mla-s1-p.mlstatic.com/866916-MLA96527561201_102025-AB.jpg","scraping"
"AEROCOOLCYLON3H","Cooler Cpu Aerocool Cylon 3h Argb 1200 115x Intel Amd Am4","112330.00","insumosacuario","accesorios","10","directa","Cooler Cpu Aerocool Cylon 3h Argb 1200 115x Intel Amd Am4","https://mla-s1-p.mlstatic.com/621315-MLA92899264103_092025-AB.jpg","scraping"
"COMBO-HYPER121-UPGRADEKIT","Combo Cooler Master Hyper 212 Argb+ Upgrade Kit 603005420-gp","113817.00","insumosacuario","accesorios","10","directa","Combo Cooler Master Hyper 212 Argb+ Upgrade Kit 603005420-gp","https://mla-s1-p.mlstatic.com/939030-MLA92897873783_092025-AB.jpg","scraping"
"CL-F191-PL14SW-A","Cooler Thermaltake Ct140 Ex Argb Sync Magforce 2.0 Blanco X3","114943.00","insumosacuario","accesorios","10","directa","Cooler Thermaltake Ct140 Ex Argb Sync Magforce 2.0 Blanco X3","https://mla-s1-p.mlstatic.com/669021-MLA100075687277_122025-AB.jpg","scraping"
"306-CA11-L80","Cooler Cpu Watercooler Msi Mag Coreliquid A13 240 Argb 200w","117267.00","insumosacuario","accesorios","10","directa","Cooler Cpu Watercooler Msi Mag Coreliquid A13 240 Argb 200w","https://mla-s1-p.mlstatic.com/826034-MLA99417433192_112025-AB.jpg","scraping"
"CL-F221-PL14PK-A","Thermaltake Ct140 Ex Argb Magnetic Quick Connect Pwm - Pink","118726.00","insumosacuario","accesorios","10","directa","Thermaltake Ct140 Ex Argb Magnetic Quick Connect Pwm - Pink","https://mla-s1-p.mlstatic.com/773370-MLA96083653782_102025-AB.jpg","scraping"
"CL-P120-CA12SW-A","Cooler Cpu Astria 400 Argb Black Thermaltake","100461.00","insumosacuario","accesorios","10","directa","Cooler Cpu Astria 400 Argb Black Thermaltake","https://mla-s1-p.mlstatic.com/779514-MLA83308987877_032025-AB.jpg","scraping"
"CL-F217-PL14BB-A","Thermaltake Ct140 Ex Argb Magnetic Quick Connect Pwm Fan - Bumblebee","122364.00","insumosacuario","accesorios","10","directa","Thermaltake Ct140 Ex Argb Magnetic Quick Connect Pwm Fan - Bumblebee","https://mla-s1-p.mlstatic.com/757494-MLA96084206804_102025-AB.jpg","scraping"
"306-7ZWCA21-L80","Refrigeración Líquida Msi Mag Coreliquid A13 240 Arg, Blanco","122898.00","insumosacuario","accesorios","10","directa","Refrigeración Líquida Msi Mag Coreliquid A13 240 Arg, Blanco","https://mla-s1-p.mlstatic.com/755854-MLA95052848398_102025-AB.jpg","scraping"
"TT-TH120V2ARGB-BK","Water Cooling Thermaltake Th120 V2 Argb Sync 120mm","126320.00","insumosacuario","accesorios","10","directa","Water Cooling Thermaltake Th120 V2 Argb Sync 120mm","https://mla-s1-p.mlstatic.com/757062-MLA92492977462_092025-AB.jpg","scraping"
"TT-CL-W363-PL12SW-A","Enfriamiento Liquido Thermaltake Th120 V2 Argb Sync 120mm","127461.00","insumosacuario","accesorios","10","directa","Enfriamiento Liquido Thermaltake Th120 V2 Argb Sync 120mm","https://mla-s1-p.mlstatic.com/731500-MLA92477234596_092025-AB.jpg","scraping"
"CL-W457-PL12SW-A","Enfriador De Agua Thermaltake La240 Black Argb 240 Mm","127779.00","insumosacuario","accesorios","10","directa","Enfriador De Agua Thermaltake La240 Black Argb 240 Mm","https://mla-s1-p.mlstatic.com/964569-MLA96059152078_102025-AB.jpg","scraping"
"CM-ML240COREIIARGB-BK","Water Cooler Cooler Master Master Liquid 240 Core Ii Argb","131374.00","insumosacuario","accesorios","10","directa","Water Cooler Cooler Master Master Liquid 240 Core Ii Argb","https://mla-s1-p.mlstatic.com/681883-MLA92469566822_092025-AB.jpg","scraping"
"CL-W360-PL12SW-A","Watercooling Thermaltake Th120 V2 Sync All-in-one Argb","133453.00","insumosacuario","accesorios","10","directa","Watercooling Thermaltake Th120 V2 Sync All-in-one Argb","https://mla-s1-p.mlstatic.com/858890-MLA96503973135_102025-AB.jpg","scraping"
"CL-P139-CA12SW-A","Disipador Cooler Cpu Thermaltake Astria 600 Argb Blanco - Blanco","133973.00","insumosacuario","accesorios","10","directa","Disipador Cooler Cpu Thermaltake Astria 600 Argb Blanco - Blanco","https://mla-s1-p.mlstatic.com/740508-MLA96069446480_102025-AB.jpg","scraping"
"REDR-CCW-1018","Refrigeración Líquida Redragon Ccw-1018 - 360 - Argb","133987.00","insumosacuario","accesorios","10","directa","Refrigeración Líquida Redragon Ccw-1018 - 360 - Argb","https://mla-s1-p.mlstatic.com/835711-MLA92489046762_092025-AB.jpg","scraping"
"CM-ML240COREII-WH","Water Cooler Masterliquid 240 Core Ii White Edition","136903.00","insumosacuario","accesorios","10","directa","Water Cooler Masterliquid 240 Core Ii White Edition","https://mla-s1-p.mlstatic.com/641272-MLA92915370827_092025-AB.jpg","scraping"
"CL-W459-PL12SW-A","Enfriador De Agua Negro Thermaltake La360 Argb 360 Mm - Negro","143458.00","insumosacuario","accesorios","10","directa","Enfriador De Agua Negro Thermaltake La360 Argb 360 Mm - Negro","https://mla-s1-p.mlstatic.com/611320-MLA96503362965_102025-AB.jpg","scraping"
"NAXIDO-X500BK","Gabinete Gamer Naxido X500 Rgb Negro Atx - Sin Coolers","34493.00","insumosacuario","accesorios","10","directa","Gabinete Gamer Naxido X500 Rgb Negro Atx - Sin Coolers","https://mla-s1-p.mlstatic.com/799896-MLA92897871645_092025-AB.jpg","scraping"
"AEROOCOLTOMAHAWK-A","Gabinete Gamer Aerocool Tomahawk - A Rgb Mid Tower Belgrano","44932.00","insumosacuario","accesorios","10","directa","Gabinete Gamer Aerocool Tomahawk - A Rgb Mid Tower Belgrano","https://mla-s1-p.mlstatic.com/643575-MLA44029850750_112020-AB.jpg","scraping"
"AEROCOOL-DELTA-G-BK-V1","Gabinete Aerocool Delta-g-bk-v1 Mid Tower C/ 1 Cooler 120mm Rgb Acuario","50592.00","insumosacuario","accesorios","10","directa","Gabinete Aerocool Delta-g-bk-v1 Mid Tower C/ 1 Cooler 120mm Rgb Acuario","https://mla-s1-p.mlstatic.com/776857-MLA92502444112_092025-AB.jpg","scraping"
"JALATEC-JK-K80-520W","Gabinete Kit Para Pc Jalatec Jt-k80 Led Strip + Teclado Mouse y Parlantes RGB","58100.00","insumosacuario","accesorios","10","directa","Gabinete Kit Para Pc Jalatec Jt-k80 Led Strip + Teclado Mouse y Parlantes RGB","https://mla-s1-p.mlstatic.com/919066-MLA92527004364_092025-AB.jpg","scraping"
"AEROCOOLBIONIC-G-BK-V2","Gabinete Aerocool Bionic V2 Mid Tower C/ 1 Cooler 120mm Rgb Acuario","58432.00","insumosacuario","accesorios","10","directa","Gabinete Aerocool Bionic V2 Mid Tower C/ 1 Cooler 120mm Rgb Acuario","https://mla-s1-p.mlstatic.com/799866-MLA94402563290_102025-AB.jpg","scraping"
"382BD20.0001","Gabinete Gamer Cougar Mx110 Rgb 4 FAN Ventiladores Coolers Incluidos Color Negro","43430.00","insumosacuario","accesorios","10","directa","Gabinete Gamer Cougar Mx110 Rgb 4 FAN Ventiladores Coolers Incluidos Color Negro","https://mla-s1-p.mlstatic.com/900225-MLA95392543250_102025-AB.jpg","scraping"
"XYZ-ATOM-WH","Gabinete Xyz Atom White C/ 3 Coolers Pulsar A-RGB+PWM A-RGB Controller","60366.00","insumosacuario","accesorios","10","directa","Gabinete Xyz Atom White C/ 3 Coolers Pulsar A-RGB+PWM A-RGB Controller","https://mla-s1-p.mlstatic.com/665459-MLA92846500875_092025-AB.jpg","scraping"
"XYZTITANIUMLITE-BK","Gabinete Gamer Xyz Titanium Lite Argb Vidrio Panoramico","60568.00","insumosacuario","accesorios","10","directa","Gabinete Gamer Xyz Titanium Lite Argb Vidrio Panoramico","https://mla-s1-p.mlstatic.com/981647-MLA92846361279_092025-AB.jpg","scraping"
"XYZ-AIRONE200-WH","Gabinete Gamer Airone 200 Glass White Atx Tempered Glass","61998.00","insumosacuario","accesorios","10","directa","Gabinete Gamer Airone 200 Glass White Atx Tempered Glass","https://mla-s1-p.mlstatic.com/838730-MLA92847772927_092025-AB.jpg","scraping"
"XYZ-AIRONE300GLASS-BKWH","Gabinete Xyz Xyz Airone 300 Glass Atx 6 Fans Argb","63240.00","insumosacuario","accesorios","10","directa","Gabinete Xyz Xyz Airone 300 Glass Atx 6 Fans Argb","https://mla-s1-p.mlstatic.com/993038-MLA92847709951_092025-AB.jpg","scraping"
"AEROCOOL-MECHA-G-BK-V2","Gabinete Aerocool Mecha-g-bk-v2 Mid Tower Black C/ 1 Cooler 120 mm Rgb","63442.00","insumosacuario","accesorios","10","directa","Gabinete Aerocool Mecha-g-bk-v2 Mid Tower Black C/ 1 Cooler 120 mm Rgb","https://mla-s1-p.mlstatic.com/881714-MLA92920799483_092025-AB.jpg","scraping"
"JALATEC-JT-X94B","Gabinete Gamer Jalatec Jt-x94b Atx Argb","65405.00","insumosacuario","accesorios","10","directa","Gabinete Gamer Jalatec Jt-x94b Atx Argb","https://mla-s1-p.mlstatic.com/726567-MLA92884875701_092025-AB.jpg","scraping"
"SOLARMAX-CM-W8202S","Gabinete Gamer Solarmax Cm-w8202s Con Pantalla Blanco Blanco","67051.00","insumosacuario","accesorios","10","directa","Gabinete Gamer Solarmax Cm-w8202s Con Pantalla Blanco Blanco","https://mla-s1-p.mlstatic.com/642983-MLA115042742822_082026-AB.jpg","scraping"
"382GA50.0002","Gabinete Gamer Cougar Airface Pure Rgb White Blanco 4 Fan Cooler Rgb 120mm","64308.00","insumosacuario","accesorios","10","directa","Gabinete Gamer Cougar Airface Pure Rgb White Blanco 4 Fan Cooler Rgb 120mm","https://mla-s1-p.mlstatic.com/920642-MLA94179975734_102025-AB.jpg","scraping"
"CA-1Q9-00S1WN-0","Gabinete Para Computadora De Escritorio Thermaltake S100 Ca-1q9-00s1wn-00 Ca-1q9-00s1wn-00 Negro","74285.00","insumosacuario","accesorios","10","directa","Gabinete Para Computadora De Escritorio Thermaltake S100 Ca-1q9-00s1wn-00 Ca-1q9-00s1wn-00 Negro","https://mla-s1-p.mlstatic.com/655198-MLA99909372939_112025-AB.jpg","scraping"
"SOLARMAX-CM-B8202S","Gabinete Gamer Solarmax Cm-b8202s Con Pantalla Negro Negro","62749.00","insumosacuario","accesorios","10","directa","Gabinete Gamer Solarmax Cm-b8202s Con Pantalla Negro Negro","https://mla-s1-p.mlstatic.com/688070-MLA115043656098_082026-AB.jpg","scraping"
"SOLARMAXCM-B930","Gabinete Gamer Solarmax Cm-b930 3 Coolers 120mm Fan Argb","58634.00","insumosacuario","accesorios","10","directa","Gabinete Gamer Solarmax Cm-b930 3 Coolers 120mm Fan Argb","https://mla-s1-p.mlstatic.com/630682-MLA92853086399_092025-AB.jpg","scraping"
"COOLERMASTER-CP320-KGNN-S","Gabinete Gamer Cooler Master Cmp 320 2x120mm Argb","83020.00","insumosacuario","accesorios","10","directa","Gabinete Gamer Cooler Master Cmp 320 2x120mm Argb","https://mla-s1-p.mlstatic.com/811166-MLA92893230083_092025-AB.jpg","scraping"
"TT-CA-1Z4-00M6WN-00","Gabinete Thermaltake View 170 Tg Argb Snow Micro Argb Fan 120mm X 3","83958.00","insumosacuario","accesorios","10","directa","Gabinete Thermaltake View 170 Tg Argb Snow Micro Argb Fan 120mm X 3","https://mla-s1-p.mlstatic.com/688904-MLA92891842781_092025-AB.jpg","scraping"
"JALATEC-JT-KS31","Gabinete Gamer Jalatec Jt-ks31 Argb 3 Fan 120mm Argb c/Control","94672.00","insumosacuario","accesorios","10","directa","Gabinete Gamer Jalatec Jt-ks31 Argb 3 Fan 120mm Argb c/Control","https://mla-s1-p.mlstatic.com/642440-MLA92509692488_092025-AB.jpg","scraping"
"XPG-CRUISERST-BKCWW","Gabinete Gamer Adata Xpg Cruiser Black / 3 Ventiladores 120mm Rgb","96953.00","insumosacuario","accesorios","10","directa","Gabinete Gamer Adata Xpg Cruiser Black / 3 Ventiladores 120mm Rgb","https://mla-s1-p.mlstatic.com/960113-MLA92482384004_092025-AB.jpg","scraping"
"ASUS-A21-WH","Gabinete Gamer Asus A21 Micro Atx Mesh Color Blanco S/ Coolers.","98541.00","insumosacuario","accesorios","10","directa","Gabinete Gamer Asus A21 Micro Atx Mesh Color Blanco S/ Coolers.","https://mla-s1-p.mlstatic.com/928651-MLA92903592003_092025-AB.jpg","scraping"
"JALACTEC-JT-Z76","Gabinete Jalatec Jt-z76 Gaming Case Con Controladora Blanco","105197.00","insumosacuario","accesorios","10","directa","Gabinete Jalatec Jt-z76 Gaming Case Con Controladora Blanco","https://mla-s1-p.mlstatic.com/614229-MLA95054998748_102025-AB.jpg","scraping"
"CA-1X2-00M6WN-01","Gabinete S200 Plus Tg Argb Snow White Mesh Thermaltake","109312.00","insumosacuario","accesorios","10","directa","Gabinete S200 Plus Tg Argb Snow White Mesh Thermaltake","https://mla-s1-p.mlstatic.com/613888-MLA92878771297_092025-AB.jpg","scraping"
"CA-1X2-00M1WN-01","Gabinete S200 Plus Tg Argb Black Mesh Thermaltake","106121.00","insumosacuario","accesorios","10","directa","Gabinete S200 Plus Tg Argb Black Mesh Thermaltake","https://mla-s1-p.mlstatic.com/903075-MLA92894472805_092025-AB.jpg","scraping"
"TT-CA-1Z4-00M1WN-00","Gabinete Thermaltake Tt View 170 Tg X2 Fan Argb Fan 120mm X 3","83958.00","insumosacuario","accesorios","10","directa","Gabinete Thermaltake Tt View 170 Tg X2 Fan Argb Fan 120mm X 3","https://mla-s1-p.mlstatic.com/815492-MLA92529948330_092025-AB.jpg","scraping"
"COOLERMASTER-MASTERBOX520","Gabinete Cooler Master Masterbox 520 Mesh Vidrio Temp Blanco","122624.00","insumosacuario","accesorios","10","directa","Gabinete Cooler Master Masterbox 520 Mesh Vidrio Temp Blanco","https://mla-s1-p.mlstatic.com/699939-MLA92512171168_092025-AB.jpg","scraping"
"XYZ-TITANIUMVIEW-BK","Gabinete Xyz Titanium View X-cs-titanium300-b C/ 4 AURAX 120mm A-rgb+PWM","126277.00","insumosacuario","accesorios","10","directa","Gabinete Xyz Titanium View X-cs-titanium300-b C/ 4 AURAX 120mm A-rgb+PWM","https://mla-s1-p.mlstatic.com/866493-MLA92845662087_092025-AB.jpg","scraping"
"CA-1Y7-00M6WN-01","Gabinete Gamer Thermaltake View 270 Plus Tg Argb Snow White - Negro","131085.00","insumosacuario","accesorios","10","directa","Gabinete Gamer Thermaltake View 270 Plus Tg Argb Snow White - Negro","https://mla-s1-p.mlstatic.com/905002-MLA96519397325_102025-AB.jpg","scraping"
"XYZ-TESSERACT-X-WH","Gabinete Xyz Tesseract X C/ 7 Coolers PULSAR A-RGB+PWM Argb Controler","131605.00","insumosacuario","accesorios","10","directa","Gabinete Xyz Tesseract X C/ 7 Coolers PULSAR A-RGB+PWM Argb Controler","https://mla-s1-p.mlstatic.com/910863-MLA92846668503_092025-AB.jpg","scraping"
"XYZ-TRIFECTA-BK","Gabinete Xyz Trifecta C/ 2 Coolers Vortex A-RGB+PWM Argb Controller","138087.00","insumosacuario","accesorios","10","directa","Gabinete Xyz Trifecta C/ 2 Coolers Vortex A-RGB+PWM Argb Controller","https://mla-s1-p.mlstatic.com/773704-MLA92848592119_092025-AB.jpg","scraping"
"SOLARMAX-CM-W950S","Gabinete Gamer Solarmax Cm-b950s Full View Display 4 Fans","121122.00","insumosacuario","accesorios","10","directa","Gabinete Gamer Solarmax Cm-b950s Full View Display 4 Fans","https://mla-s1-p.mlstatic.com/985056-MLA92918045529_092025-AB.jpg","scraping"
"THERMALGABV150TG","Gabinete Thermaltake V150 Tg Vidrio Templado 2 Coolers 120mm","147731.00","insumosacuario","accesorios","10","directa","Gabinete Thermaltake V150 Tg Vidrio Templado 2 Coolers 120mm","https://mla-s1-p.mlstatic.com/881027-MLA92851631923_092025-AB.jpg","scraping"
"XYZ-QUBEX-BK","Gabinete Xyz Qubex Black C/ 4 Coolers Pulsar A-RGB+PWM A-RGB Controller","149652.00","insumosacuario","accesorios","10","directa","Gabinete Xyz Qubex Black C/ 4 Coolers Pulsar A-RGB+PWM A-RGB Controller","https://mla-s1-p.mlstatic.com/761767-MLA92846580827_092025-AB.jpg","scraping"
"XYZ-TRIFECTA-WH","Gabinete Xyz Trifecta C/ 2 Coolers Vortex A-rgb+PWM A-rgb Controller","159976.00","insumosacuario","accesorios","10","directa","Gabinete Xyz Trifecta C/ 2 Coolers Vortex A-rgb+PWM A-rgb Controller","https://mla-s1-p.mlstatic.com/826436-MLA92933040059_092025-AB.jpg","scraping"
"CA-1Y2-00M6WN-01","Ceres 330 Tg Argb Snow Mid Tower El Estuche E-atx Admite La","171498.00","insumosacuario","accesorios","10","directa","Ceres 330 Tg Argb Snow Mid Tower El Estuche E-atx Admite La","https://mla-s1-p.mlstatic.com/784927-MLA92512541702_092025-AB.jpg","scraping"
"ASUSAP201PRIMEBK","Gabinete Asus Prime Ap201 Usb 3.1 Tipo C Micro Atx","174082.00","insumosacuario","accesorios","10","directa","Gabinete Asus Prime Ap201 Usb 3.1 Tipo C Micro Atx","https://mla-s1-p.mlstatic.com/863945-MLA71084726924_082023-AB.jpg","scraping"
"CC-9011266-WW","Gabinete Gamer Corsair 2500x Dos Cámaras Semitorre Blanco","176970.00","insumosacuario","accesorios","10","directa","Gabinete Gamer Corsair 2500x Dos Cámaras Semitorre Blanco","https://mla-s1-p.mlstatic.com/993040-MLA92487577686_092025-AB.jpg","scraping"
"TTDIVIDER170-BK","Gabinete Thermaltake Divider 170 Tg C/ 2 Coolers 120mm Argb Negro Micro Tower","181214.00","insumosacuario","accesorios","10","directa","Gabinete Thermaltake Divider 170 Tg C/ 2 Coolers 120mm Argb Negro Micro Tower","https://mla-s1-p.mlstatic.com/863351-MLA92523128808_092025-AB.jpg","scraping"
"ASUSAP201PRIMEW","Gabinete Asus Prime Ap201 Usb 3.1 Tipo C Blanco Micro Atx","186788.00","insumosacuario","accesorios","10","directa","Gabinete Asus Prime Ap201 Usb 3.1 Tipo C Blanco Micro Atx","https://mla-s1-p.mlstatic.com/788972-MLA71084929228_082023-AB.jpg","scraping"
"CC-9011205-WW","Gabinete Gamer Corsair 4000x Icue C/ 3 Coolers 120mm Rgb Mid Tower Acuario","187856.00","insumosacuario","accesorios","10","directa","Gabinete Gamer Corsair 4000x Icue C/ 3 Coolers 120mm Rgb Mid Tower Acuario","https://mla-s1-p.mlstatic.com/849417-MLA92507304356_092025-AB.jpg","scraping"
"SOLARMAX-CM-W600L","Gabinete Solarmax Cm-w600l 4x Fan Argb Pantalla Lcd 11.3 Blanco","190222.00","insumosacuario","accesorios","10","directa","Gabinete Solarmax Cm-w600l 4x Fan Argb Pantalla Lcd 11.3 Blanco","https://mla-s1-p.mlstatic.com/842219-MLA101191757229_122025-AB.jpg","scraping"
"XYZ-TESSERACT-ARGB-WH","Gabinete Xyz Tesseract C/ 4 Coolers Vortex A-RGB PWM A-RGB Controller","201082.00","insumosacuario","accesorios","10","directa","Gabinete Xyz Tesseract C/ 4 Coolers Vortex A-RGB PWM A-RGB Controller","https://mla-s1-p.mlstatic.com/988768-MLA92845724053_092025-AB.jpg","scraping"
"XYZ-QUANTUM-BK-PANORAMIC","Gabinete Xyz Quantum Black Panoramic C/4 Coolers Vortex A-RGB+PWM A-RGB Controller","205009.00","insumosacuario","accesorios","10","directa","Gabinete Xyz Quantum Black Panoramic C/4 Coolers Vortex A-RGB+PWM A-RGB Controller","https://mla-s1-p.mlstatic.com/960859-MLA92438243160_092025-AB.jpg","scraping"
"XYZ-QUANTUM-WH-PANORAMIC","Gabinete Xyz Quantum White Panoramic C/4 Coolers Vortex A-RGB+PWM A-RGB Controller","205644.00","insumosacuario","accesorios","10","directa","Gabinete Xyz Quantum White Panoramic C/4 Coolers Vortex A-RGB+PWM A-RGB Controller","https://mla-s1-p.mlstatic.com/975694-MLA92471891372_092025-AB.jpg","scraping"
"TD500V2-WGNN-S00","Armario Cooler Master Td500 Mesh V2 Con 3 Ventiladores Argb","176147.00","insumosacuario","accesorios","10","directa","Armario Cooler Master Td500 Mesh V2 Con 3 Ventiladores Argb","https://mla-s1-p.mlstatic.com/742015-MLA92892249457_092025-AB.jpg","scraping"
"SOLARMAX-CM-B600L","Gabinete Solarmax Cm-b600l 4x Fan Argb Pantalla Lcd 11.3 Negro","181373.00","insumosacuario","accesorios","10","directa","Gabinete Solarmax Cm-b600l 4x Fan Argb Pantalla Lcd 11.3 Negro","https://mla-s1-p.mlstatic.com/978152-MLA100696444054_122025-AB.jpg","scraping"
"CL-O004-GROSGM-A","Pasta Térmica Tt Thermaltake Grasa Tg7 4g - Cl-o004-grosgm-a - Haze Crush Silver","19261.00","insumosacuario","accesorios","10","directa","Pasta Térmica Tt Thermaltake Grasa Tg7 4g - Cl-o004-grosgm-a - Haze Crush Silver","https://mla-s1-p.mlstatic.com/687814-MLA93499224431_092025-AB.jpg","scraping"
"CM-CRYOFUZE5RED","Pasta Termica Thermal Grease Cooler Master Cryofuze 5 - Red","19954.00","insumosacuario","accesorios","10","directa","Pasta Termica Thermal Grease Cooler Master Cryofuze 5 - Red","https://mla-s1-p.mlstatic.com/757962-MLA92474523062_092025-AB.jpg","scraping"
"CT-9010015-W","Pasta Termica Corsair (ct-9010015-ww) Xtm60 Color Negro","23448.00","insumosacuario","accesorios","10","directa","Pasta Termica Corsair (ct-9010015-ww) Xtm60 Color Negro","https://mla-s1-p.mlstatic.com/913408-MLA92467894680_092025-AB.jpg","scraping"
"MGZ-NDSG-N04G-R1","Grasa Termica Cooler Master Cryofuze 7 4gr","26754.00","insumosacuario","accesorios","10","directa","Grasa Termica Cooler Master Cryofuze 7 4gr","https://mla-s1-p.mlstatic.com/823041-MLA92932579435_092025-AB.jpg","scraping"
"CT-9010010-WW","Pasta Termica Corsair Xtm70 De Alto Rendimiento Color Negro Negro","52454.00","insumosacuario","accesorios","10","directa","Pasta Termica Corsair Xtm70 De Alto Rendimiento Color Negro Negro","https://mla-s1-p.mlstatic.com/933403-MLA99444626948_112025-AB.jpg","scraping"
"FSB0C128G-B7C7200","Disco Sólido SSD M.2 Foresse 128GB 2000MB/s NVMe PCI-E Gen3 x4 Bulk +q 120gb","30999.00","insumosacuario","accesorios","10","directa","Disco Sólido SSD M.2 Foresse 128GB 2000MB/s NVMe PCI-E Gen3 x4 Bulk +q 120gb","https://mla-s1-p.mlstatic.com/744271-MLA99258458526_112025-AB.jpg","scraping"
"OEM-FSB0C128G-B7C7200","Disco Sólido SSD M.2 Foresse 128GB 2000MB/s NVMe PCI-E Gen3 x4 Bulk +q 120gb","55356.00","insumosacuario","accesorios","10","directa","Disco Sólido SSD M.2 Foresse 128GB 2000MB/s NVMe PCI-E Gen3 x4 Bulk +q 120gb","https://mla-s1-p.mlstatic.com/842372-MLA102760236064_122025-AB.jpg","scraping"
"P400LP500GM28H","Disco Sólido SSD M.2 Patriot 500GB P400 Lite 4200MB/s NVMe PCI-E Gen4 x4 +q 480gb","160770.00","insumosacuario","accesorios","10","directa","Disco Sólido SSD M.2 Patriot 500GB P400 Lite 4200MB/s NVMe PCI-E Gen4 x4 +q 480gb","https://mla-s1-p.mlstatic.com/803123-MLA97224269715_112025-AB.jpg","scraping"
"PE000691-P300P512GM28","Disco Sólido SSD M.2 Patriot 512GB P300 1700MB/s NVMe PCI-E Gen3 x4 +q 480 +q 500gb","150779.00","insumosacuario","accesorios","10","directa","Disco Sólido SSD M.2 Patriot 512GB P300 1700MB/s NVMe PCI-E Gen3 x4 +q 480 +q 500gb","https://mla-s1-p.mlstatic.com/860659-MLA92512582288_092025-AB.jpg","scraping"
"213102","Ssd M.2 Nvme 512gb G3 Hiksemi Wave","172797.00","insumosacuario","accesorios","10","directa","Ssd M.2 Nvme 512gb G3 Hiksemi Wave","https://www.air-intra.com/imgart/213102.jpg","scraping"
"WDS500G2G0C","Disco Sólido SSD M.2 Western Digital 500GB Green SN350 2400MB/s NVMe PCI-E Gen3 x4 +q 480gb","170819.00","insumosacuario","accesorios","10","directa","Disco Sólido SSD M.2 Western Digital 500GB Green SN350 2400MB/s NVMe PCI-E Gen3 x4 +q 480gb","https://mla-s1-p.mlstatic.com/952092-MLA92441086664_092025-AB.jpg","scraping"
"SLEG-860-500GCS","Disco Sólido SSD M.2 ADATA 500GB Legend 860 5000MB/s NVMe PCI-E Gen4 x4 +q 480gb","184478.00","insumosacuario","accesorios","10","directa","Disco Sólido SSD M.2 ADATA 500GB Legend 860 5000MB/s NVMe PCI-E Gen4 x4 +q 480gb","https://microglobalpromos.com.ar/2025/img/062025/SLEG-860-500GCS_01.jpg","scraping"
"LNM620X512G-RNNNU","Disco Sólido SSD M.2 Lexar 512GB NM620 3300MB/s NVMe PCI-E Gen3 x4 +q 480 +q 500gb","191884.00","insumosacuario","accesorios","10","directa","Disco Sólido SSD M.2 Lexar 512GB NM620 3300MB/s NVMe PCI-E Gen3 x4 +q 480 +q 500gb","https://mla-s1-p.mlstatic.com/865655-MLA74163650341_012024-AB.jpg","scraping"
"PSK-M2SSDP34-1024G","Disco Sólido SSD M.2 Puskill 1TB 2000MB/s NVMe PCI-E Gen3 x4 Disipador +q 960gb","236527.00","insumosacuario","accesorios","10","directa","Disco Sólido SSD M.2 Puskill 1TB 2000MB/s NVMe PCI-E Gen3 x4 Disipador +q 960gb","https://mla-s1-p.mlstatic.com/730304-MLA73217792418_122023-AB.jpg","scraping"
"48255","Ssd 960gb Adata Su630 Blister","270292.00","insumosacuario","accesorios","10","directa","Ssd 960gb Adata Su630 Blister","https://www.air-intra.com/imgart/48255.jpg","scraping"
"WDS100T4G0E","Disco Sólido SSD M.2 Western Digital 1TB Green SN3000 5000MB/s NVMe PCI-E Gen4 x4 +q 960gb","272551.00","insumosacuario","accesorios","10","directa","Disco Sólido SSD M.2 Western Digital 1TB Green SN3000 5000MB/s NVMe PCI-E Gen4 x4 +q 960gb","https://mla-s1-p.mlstatic.com/923012-MLA94077736593_102025-AB.jpg","scraping"
"SNV3S/1000G","Disco Sólido SSD M.2 Kingston 1TB NV3 6000MB/s NVMe PCI-E Gen4 x4 +q 960gb","273287.00","insumosacuario","accesorios","10","directa","Disco Sólido SSD M.2 Kingston 1TB NV3 6000MB/s NVMe PCI-E Gen4 x4 +q 960gb","https://mla-s1-p.mlstatic.com/798630-MLA92847898719_092025-AB.jpg","scraping"
"P410P1TBM28H","Disco Sólido SSD M.2 Patriot 1TB P410 4900MB/s NVMe PCI-E Gen4 x4 +q 960gb","276377.00","insumosacuario","accesorios","10","directa","Disco Sólido SSD M.2 Patriot 1TB P410 4900MB/s NVMe PCI-E Gen4 x4 +q 960gb","https://mla-s1-p.mlstatic.com/606140-MLA111227855891_052026-AB.jpg","scraping"
"LNM610P001T-RNNNG","Disco Sólido SSD M.2 Lexar 1TB NM610 Pro 3300MB/s NVMe PCI-E Gen3 x4 +q 960gb","242693.00","insumosacuario","accesorios","10","directa","Disco Sólido SSD M.2 Lexar 1TB NM610 Pro 3300MB/s NVMe PCI-E Gen3 x4 +q 960gb","https://mla-s1-p.mlstatic.com/797792-MLA92149228001_092025-AB.jpg","scraping"
"215451","Ssd M.2 Nvme 500gb G4 Wd Black Sn770 2230","285854.00","insumosacuario","accesorios","10","directa","Ssd M.2 Nvme 500gb G4 Wd Black Sn770 2230","https://www.air-intra.com/imgart/215451.jpg","scraping"
"SDSSDA3N-1T00-G26","Disco Sólido SSD M.2 SanDisk 1TB SSD Plus 3200MB/s NVMe PCI-E Gen3 x4 +q 960gb","287812.00","insumosacuario","accesorios","10","directa","Disco Sólido SSD M.2 SanDisk 1TB SSD Plus 3200MB/s NVMe PCI-E Gen3 x4 +q 960gb","https://mla-s1-p.mlstatic.com/936358-MLA92847769531_092025-AB.jpg","scraping"
"CT1000P3PSSD8","Disco Sólido SSD M.2 Crucial 1TB P3 Plus 5000MB/s NVMe PCI-E Gen4 x4 +q 960gb","294237.00","insumosacuario","accesorios","10","directa","Disco Sólido SSD M.2 Crucial 1TB P3 Plus 5000MB/s NVMe PCI-E Gen4 x4 +q 960gb","https://mla-s1-p.mlstatic.com/967162-MLA74118280750_012024-AB.jpg","scraping"
"LNQ780X001T-RNNNG","Disco Sólido SSD M.2 Lexar 1TB NQ780 6500MB/s NVMe PCI-E Gen4 x4 +q 960gb","296850.00","insumosacuario","accesorios","10","directa","Disco Sólido SSD M.2 Lexar 1TB NQ780 6500MB/s NVMe PCI-E Gen4 x4 +q 960gb","https://mla-s1-p.mlstatic.com/751222-MLA95787704300_102025-AB.jpg","scraping"
"WDS100T2G0C","Disco Sólido SSD M.2 Western Digital 1TB Green SN350 2400MB/s NVMe PCI-E Gen3 x4 +q 960gb","300229.00","insumosacuario","accesorios","10","directa","Disco Sólido SSD M.2 Western Digital 1TB Green SN350 2400MB/s NVMe PCI-E Gen3 x4 +q 960gb","https://mla-s1-p.mlstatic.com/865165-MLA92849287561_092025-AB.jpg","scraping"
"SLEG-860-1000GCS","Disco Sólido SSD M.2 ADATA 1TB Legend 860 6000MB/s NVMe PCI-E Gen4 x4 +q 960gb","305903.00","insumosacuario","accesorios","10","directa","Disco Sólido SSD M.2 ADATA 1TB Legend 860 6000MB/s NVMe PCI-E Gen4 x4 +q 960gb","https://microglobalpromos.com.ar/2025/img/062025/SLEG-860-1000GCS_01.jpg","scraping"
"36553","Ssd 960gb Kingston A400 Sataiii 2.5","307420.00","insumosacuario","accesorios","10","directa","Ssd 960gb Kingston A400 Sataiii 2.5","https://www.air-intra.com/imgart/36553.jpg","scraping"
"SDSSDX3N-1T00-G26","Disco Sólido SSD M.2 SanDisk 1TB Extreme 5150MB/s NVMe PCI-E Gen4 x4 +q 960gb","364421.00","insumosacuario","accesorios","10","directa","Disco Sólido SSD M.2 SanDisk 1TB Extreme 5150MB/s NVMe PCI-E Gen4 x4 +q 960gb","https://mla-s1-p.mlstatic.com/768335-MLA92509211922_092025-AB.jpg","scraping"
"CT1000P310SSD8","Disco Sólido SSD M.2 Crucial 1TB P310 7100MB/s NVMe PCI-E Gen4 x4 +q 960gb","310004.00","insumosacuario","accesorios","10","directa","Disco Sólido SSD M.2 Crucial 1TB P310 7100MB/s NVMe PCI-E Gen4 x4 +q 960gb","https://mla-s1-p.mlstatic.com/818588-MLA92907474863_092025-AB.jpg","scraping"
"ADATA-AGAMMIXS70B-1T-CS","Disco Sólido SSD M.2 ADATA XPG 1TB Gammix S70 Blade 7400MB/s NVMe PCI-E Gen4 x4 +q 960gb","349001.00","insumosacuario","accesorios","10","directa","Disco Sólido SSD M.2 ADATA XPG 1TB Gammix S70 Blade 7400MB/s NVMe PCI-E Gen4 x4 +q 960gb","https://mla-s1-p.mlstatic.com/909232-MLA92918908989_092025-AB.jpg","scraping"
"CSSD-F1000GBMP600MNR2","Disco Sólido SSD M.2 2230 Corsair 1TB MP600 Mini 4800MB/s NVMe PCI-E Gen4 x4 +q 960gb","375149.00","insumosacuario","accesorios","10","directa","Disco Sólido SSD M.2 2230 Corsair 1TB MP600 Mini 4800MB/s NVMe PCI-E Gen4 x4 +q 960gb","https://mla-s1-p.mlstatic.com/847529-MLA94983916359_102025-AB.jpg","scraping"
"PATRIOT-VP4300L1TBM","Disco Sólido SSD M.2 Patriot 1TB Viper VP4300 Lite 7400MB/s NVMe PCI-E Gen4 x4 +q 960gb","383740.00","insumosacuario","accesorios","10","directa","Disco Sólido SSD M.2 Patriot 1TB Viper VP4300 Lite 7400MB/s NVMe PCI-E Gen4 x4 +q 960gb","https://mla-s1-p.mlstatic.com/649764-MLA89292392009_082025-AB.jpg","scraping"
"51341","Disco Solido Ssd M2 Nvme 512gb G4 Kingston Kc3000","396878.00","insumosacuario","accesorios","10","directa","Disco Solido Ssd M2 Nvme 512gb G4 Kingston Kc3000","https://cdn.insumosacuario.com.ar/thumb_10-08-2026-05-08-51_ktc-product-ssd-kc3000-512gb-3-zm-lg.webp","scraping"
"WDS100T4X0E-00CJA0","Disco Sólido SSD M.2 Western Digital 1TB Black SN7100 7250MB/s NVMe PCI-E Gen4 x4 +q 960gb","412241.00","insumosacuario","accesorios","10","directa","Disco Sólido SSD M.2 Western Digital 1TB Black SN7100 7250MB/s NVMe PCI-E Gen4 x4 +q 960gb","https://mla-s1-p.mlstatic.com/732911-MLA92499591794_092025-AB.jpg","scraping"
"SDSSDA3N-2T00-G26","Disco Sólido SSD M.2 SanDisk 2TB SSD Plus 3200MB/s NVMe PCI-E Gen3 x4","383610.00","insumosacuario","accesorios","10","directa","Disco Sólido SSD M.2 SanDisk 2TB SSD Plus 3200MB/s NVMe PCI-E Gen3 x4","https://mla-s1-p.mlstatic.com/812183-MLA92453884594_092025-AB.jpg","scraping"
"PE000761-P300P2TBM28","Disco Sólido SSD M.2 Patriot 2TB P300 2100MB/s NVMe PCI-E Gen3 x4","428744.00","insumosacuario","accesorios","10","directa","Disco Sólido SSD M.2 Patriot 2TB P300 2100MB/s NVMe PCI-E Gen3 x4","https://mla-s1-p.mlstatic.com/756299-MLA74676493570_022024-AB.jpg","scraping"
"WDS200T4G0E","Disco Sólido SSD M.2 Western Digital 2TB Green SN3000 5000MB/s NVMe PCI-E Gen4 x4","422723.00","insumosacuario","accesorios","10","directa","Disco Sólido SSD M.2 Western Digital 2TB Green SN3000 5000MB/s NVMe PCI-E Gen4 x4","https://mla-s1-p.mlstatic.com/902706-MLA97995262899_112025-AB.jpg","scraping"
"CT1000T705SSD3","Disco Sólido SSD M.2 Crucial 1TB T705 13600MB/s NVMe PCI-E Gen5 x4 +q 960gb","451859.00","insumosacuario","accesorios","10","directa","Disco Sólido SSD M.2 Crucial 1TB T705 13600MB/s NVMe PCI-E Gen5 x4 +q 960gb","https://mla-s1-p.mlstatic.com/860096-MLA92877878395_092025-AB.jpg","scraping"
"WDS100T2X0E","Disco Sólido SSD M.2 Western Digital 1TB Black SN850X 7300MB/s NVMe PCI-E Gen4 x4 +q 960gb","469619.00","insumosacuario","accesorios","10","directa","Disco Sólido SSD M.2 Western Digital 1TB Black SN850X 7300MB/s NVMe PCI-E Gen4 x4 +q 960gb","https://mla-s1-p.mlstatic.com/686795-MLA92145210595_092025-AB.jpg","scraping"
"CSSD-F1000GBMP700EHS","Disco Sólido SSD M.2 Corsair 1TB MP700 Elite 10000MB/s NVMe PCI-E Gen5 x4 +q 960gb","473055.00","insumosacuario","accesorios","10","directa","Disco Sólido SSD M.2 Corsair 1TB MP700 Elite 10000MB/s NVMe PCI-E Gen5 x4 +q 960gb","https://mla-s1-p.mlstatic.com/913230-MLA95520113208_102025-AB.jpg","scraping"
"LNM620X002T-RNNNU-NVMEM2","Disco Sólido SSD M.2 Lexar 2TB NM620 3300MB/s NVMe PCI-E Gen3 x4","500993.00","insumosacuario","accesorios","10","directa","Disco Sólido SSD M.2 Lexar 2TB NM620 3300MB/s NVMe PCI-E Gen3 x4","https://mla-s1-p.mlstatic.com/788727-MLA72202509061_102023-AB.jpg","scraping"
"P400LP2KGM2","Disco Sólido SSD M.2 Patriot 2TB P400 Lite 5000MB/s NVMe PCI-E Gen4 x4","512284.00","insumosacuario","accesorios","10","directa","Disco Sólido SSD M.2 Patriot 2TB P400 Lite 5000MB/s NVMe PCI-E Gen4 x4","https://mla-s1-p.mlstatic.com/883323-MLA92499480322_092025-AB.jpg","scraping"
"VP4300L2TBM28H","Disco Sólido SSD M.2 Patriot 2TB Viper VP4300 Lite 7400MB/s NVMe PCI-E Gen4 x4","576332.00","insumosacuario","accesorios","10","directa","Disco Sólido SSD M.2 Patriot 2TB Viper VP4300 Lite 7400MB/s NVMe PCI-E Gen4 x4","https://mla-s1-p.mlstatic.com/894385-MLA79585130658_102024-AB.jpg","scraping"
"PE000973-VP4000M1TBM23","Disco Sólido SSD M.2 2230 Patriot 1TB Viper VP4000 Mini 5000MB/s NVMe PCI-E Gen4 x4 +q 960gb","586280.00","insumosacuario","accesorios","10","directa","Disco Sólido SSD M.2 2230 Patriot 1TB Viper VP4000 Mini 5000MB/s NVMe PCI-E Gen4 x4 +q 960gb","https://mla-s1-p.mlstatic.com/738361-MLA73848190052_012024-AB.jpg","scraping"
"51951","Disco Ssd M2 Nvme 1tb G4 Kingston Fury","639903.00","insumosacuario","accesorios","10","directa","Disco Ssd M2 Nvme 1tb G4 Kingston Fury","https://cdn.insumosacuario.com.ar/thumb_10-08-2026-06-08-19_51951_01.webp","scraping"
"CT2000P310SSD5","Disco Sólido SSD M.2 Crucial 2TB P310 7100MB/s NVMe PCI-E Gen4 x4","642040.00","insumosacuario","accesorios","10","directa","Disco Sólido SSD M.2 Crucial 2TB P310 7100MB/s NVMe PCI-E Gen4 x4","https://mla-s1-p.mlstatic.com/688640-MLA101466238035_122025-AB.jpg","scraping"
"ADATA-AGAMMIXS70B-2T-CS","Disco Sólido SSD M.2 ADATA XPG 2TB Gammix S70 Blade 7400MB/s NVMe PCI-E Gen4 x4","648999.00","insumosacuario","accesorios","10","directa","Disco Sólido SSD M.2 ADATA XPG 2TB Gammix S70 Blade 7400MB/s NVMe PCI-E Gen4 x4","https://mla-s1-p.mlstatic.com/949337-MLA81615816820_012025-AB.jpg","scraping"
"CT2000T700SSD5","Disco Sólido SSD M.2 Crucial 2TB T700 12400MB/s NVMe PCI-E Gen5 x4 Disipador","761863.00","insumosacuario","accesorios","10","directa","Disco Sólido SSD M.2 Crucial 2TB T700 12400MB/s NVMe PCI-E Gen5 x4 Disipador","https://mla-s1-p.mlstatic.com/898342-MLA92877511345_092025-AB.jpg","scraping"
"CRUCIAL-CT2000T705SSD5","Disco Sólido SSD M.2 Crucial 2TB T705 14500MB/s NVMe PCI-E Gen5 x4 Disipador","777630.00","insumosacuario","accesorios","10","directa","Disco Sólido SSD M.2 Crucial 2TB T705 14500MB/s NVMe PCI-E Gen5 x4 Disipador","https://mla-s1-p.mlstatic.com/936424-MLA92930325151_092025-AB.jpg","scraping"
"CSSD-F2000GBMP700EHS","Disco Sólido SSD M.2 Corsair 2TB MP700 Elite 10000MB/s NVMe PCI-E Gen5 x4","782452.00","insumosacuario","accesorios","10","directa","Disco Sólido SSD M.2 Corsair 2TB MP700 Elite 10000MB/s NVMe PCI-E Gen5 x4","https://mla-s1-p.mlstatic.com/925692-MLA101262725212_122025-AB.jpg","scraping"
"P410P4TBM28H","Disco Sólido SSD M.2 Patriot 4TB P410 4900MB/s NVMe PCI-E Gen4 x4","981267.00","insumosacuario","accesorios","10","directa","Disco Sólido SSD M.2 Patriot 4TB P410 4900MB/s NVMe PCI-E Gen4 x4","https://mla-s1-p.mlstatic.com/822287-MLA115309356588_082026-AB.jpg","scraping"
"WDS200T2X0E","Disco Sólido SSD M.2 Western Digital 2TB Black SN850X 7300MB/s NVMe PCI-E Gen4 x4","986363.00","insumosacuario","accesorios","10","directa","Disco Sólido SSD M.2 Western Digital 2TB Black SN850X 7300MB/s NVMe PCI-E Gen4 x4","https://mla-s1-p.mlstatic.com/673673-MLA92888172093_092025-AB.jpg","scraping"
"WDS200T2XHE","Disco Sólido SSD M.2 Western Digital 2TB Black SN850X 7300MB/s NVMe PCI-E Gen4 x4 Disipador","1005480.00","insumosacuario","accesorios","10","directa","Disco Sólido SSD M.2 Western Digital 2TB Black SN850X 7300MB/s NVMe PCI-E Gen4 x4 Disipador","https://mla-s1-p.mlstatic.com/650282-MLA92497192664_092025-AB.jpg","scraping"
"HKED3041/4G-4GB1600-PC","Memoria RAM Hikvision U1 4GB DDR3 1600MHz CL11","63961.00","insumosacuario","accesorios","10","directa","Memoria RAM Hikvision U1 4GB DDR3 1600MHz CL11","https://mla-s1-p.mlstatic.com/652782-MLA74782155659_022024-AB.jpg","scraping"
"PS000883-PSD34G16002","Memoria RAM Patriot Signature Line 4GB DDR3 1600MHz CL11","81157.00","insumosacuario","accesorios","10","directa","Memoria RAM Patriot Signature Line 4GB DDR3 1600MHz CL11","https://mla-s1-p.mlstatic.com/919234-MLA75863761896_042024-AB.jpg","scraping"
"AX4U32008G16A-SBKD35G","Memoria RAM ADATA XPG Spectrix D35G 8GB DDR4 3200MHz CL16 RGB Negra","114900.00","insumosacuario","accesorios","10","directa","Memoria RAM ADATA XPG Spectrix D35G 8GB DDR4 3200MHz CL16 RGB Negra","https://mla-s1-p.mlstatic.com/683393-MLA99517966864_112025-AB.jpg","scraping"
"PSD48G32002-UDIMM","Memoria RAM Patriot Signature Line 8GB DDR4 3200MHz CL22","123649.00","insumosacuario","accesorios","10","directa","Memoria RAM Patriot Signature Line 8GB DDR4 3200MHz CL22","https://mla-s1-p.mlstatic.com/929854-MLU77126251471_062024-AB.jpg","scraping"
"CMK8GX4M1Z3600C18","Memoria RAM Corsair Vengeance LPX 8GB DDR4 3600MHz CL18 Negra CMK8GX4M1Z3600C18","148050.00","insumosacuario","accesorios","10","directa","Memoria RAM Corsair Vengeance LPX 8GB DDR4 3600MHz CL18 Negra CMK8GX4M1Z3600C18","https://mla-s1-p.mlstatic.com/644962-MLA95233052323_102025-AB.jpg","scraping"
"PSK-D4D19M2666B-16G","Memoria RAM Puskill 16GB DDR4 2666MHz CL19","150475.00","insumosacuario","accesorios","10","directa","Memoria RAM Puskill 16GB DDR4 2666MHz CL19","https://mla-s1-p.mlstatic.com/779131-MLU77240613503_062024-AB.jpg","scraping"
"MC-TF-TUF8G/3200","Memoria RAM TeamGroup T-Force Vulcan 8GB DDR4 3200MHz CL16 TUF Gaming","127562.00","insumosacuario","accesorios","10","directa","Memoria RAM TeamGroup T-Force Vulcan 8GB DDR4 3200MHz CL16 TUF Gaming","https://mla-s1-p.mlstatic.com/825546-MLA93968695407_102025-AB.jpg","scraping"
"CMK8GX4M1Z3200C16","Memoria RAM Corsair Vengeance LPX 8GB DDR4 3200MHz CL16 Negra CMK8GX4M1Z3200C16","150071.00","insumosacuario","accesorios","10","directa","Memoria RAM Corsair Vengeance LPX 8GB DDR4 3200MHz CL16 Negra CMK8GX4M1Z3200C16","https://mla-s1-p.mlstatic.com/885490-MLA50310567577_062022-AB.jpg","scraping"
"PSD58G560082","Memoria RAM Patriot Signature Line 8GB DDR5 5600MHz CL46","212444.00","insumosacuario","accesorios","10","directa","Memoria RAM Patriot Signature Line 8GB DDR5 5600MHz CL46","https://mla-s1-p.mlstatic.com/711767-MLA98400229713_112025-AB.jpg","scraping"
"LD4AU016G-B3200GSST","Memoria RAM Lexar 16GB DDR4 3200MHz CL22 Negra","213296.00","insumosacuario","accesorios","10","directa","Memoria RAM Lexar 16GB DDR4 3200MHz CL22 Negra","https://mla-s1-p.mlstatic.com/941998-MLU75600925168_042024-AB.jpg","scraping"
"AX4U320016G16A-SBKD35G","Memoria RAM ADATA XPG Spectrix D35G 16GB DDR4 3200MHz CL16 RGB Negra","225959.00","insumosacuario","accesorios","10","directa","Memoria RAM ADATA XPG Spectrix D35G 16GB DDR4 3200MHz CL16 RGB Negra","https://mla-s1-p.mlstatic.com/885623-MLU73972881370_012024-AB.jpg","scraping"
"HSC416U32Z2-16","Memoria RAM Hiksemi Armor 16GB DDR4 3200MHz CL22 Disipador","230449.00","insumosacuario","accesorios","10","directa","Memoria RAM Hiksemi Armor 16GB DDR4 3200MHz CL22 Disipador","https://mla-s1-p.mlstatic.com/840204-MLA91743406006_092025-AB.jpg","scraping"
"AX4U320016G16A-SWHD35G","Memoria RAM ADATA XPG Spectrix D35G 16GB DDR4 3200MHz CL16 SIN RGB AX4U320016G16A-SWHD35","225959.00","insumosacuario","accesorios","10","directa","Memoria RAM ADATA XPG Spectrix D35G 16GB DDR4 3200MHz CL16 SIN RGB AX4U320016G16A-SWHD35","https://mla-s1-p.mlstatic.com/640148-MLA96408145164_102025-AB.jpg","scraping"
"CB16GU2666-PC","Memoria RAM Crucial Basics 16GB DDR4 2666MHz CL19","225078.00","insumosacuario","accesorios","10","directa","Memoria RAM Crucial Basics 16GB DDR4 2666MHz CL19","https://mla-s1-p.mlstatic.com/703714-MLA52221527392_102022-AB.jpg","scraping"
"KVR32N22S8/16-UDIMM","Memoria RAM Kingston ValueRAM 16GB DDR4 3200MHz CL22","241162.00","insumosacuario","accesorios","10","directa","Memoria RAM Kingston ValueRAM 16GB DDR4 3200MHz CL22","https://mla-s1-p.mlstatic.com/737005-MLA81488654651_122024-AB.jpg","scraping"
"LD4BU016G-R3600GSLA","Memoria RAM Lexar Hades 16GB DDR4 3600MHz CL18 RGB Negra","245161.00","insumosacuario","accesorios","10","directa","Memoria RAM Lexar Hades 16GB DDR4 3600MHz CL18 RGB Negra","https://mla-s1-p.mlstatic.com/941639-MLU78277467719_082024-AB.jpg","scraping"
"PSD416G32008-UDIMM","Memoria RAM Patriot Signature Line 16GB DDR4 3200MHz CL22","250807.00","insumosacuario","accesorios","10","directa","Memoria RAM Patriot Signature Line 16GB DDR4 3200MHz CL22","https://mla-s1-p.mlstatic.com/887393-MLA74075249224_012024-AB.jpg","scraping"
"HIKSEMI-16GB-3200-U10","Memoria RAM Hiksemi 16GB DDR4 3200MHz CL22 Disipador Bulk","255831.00","insumosacuario","accesorios","10","directa","Memoria RAM Hiksemi 16GB DDR4 3200MHz CL22 Disipador Bulk","https://mla-s1-p.mlstatic.com/663308-MLA77875594467_072024-AB.jpg","scraping"
"MD16GSD4320016XSRGB","Memoria RAM PNY XLR8 Gaming Epic-X 16GB DDR4 3200MHz CL16 RGB Silver","267959.00","insumosacuario","accesorios","10","directa","Memoria RAM PNY XLR8 Gaming Epic-X 16GB DDR4 3200MHz CL16 RGB Silver","https://mla-s1-p.mlstatic.com/962014-MLA74123338971_012024-AB.jpg","scraping"
"HSC416U32Z3","Memoria RAM Hiksemi Armor 16GB (2x8GB) DDR4 3200MHz CL22","267959.00","insumosacuario","accesorios","10","directa","Memoria RAM Hiksemi Armor 16GB (2x8GB) DDR4 3200MHz CL22","https://mla-s1-p.mlstatic.com/942529-MLU79197752621_092024-AB.jpg","scraping"
"AX4U320016G16A-ST50","Memoria RAM ADATA XPG Spectrix D50 16GB DDR4 3200MHz CL16 RGB Gris","273316.00","insumosacuario","accesorios","10","directa","Memoria RAM ADATA XPG Spectrix D50 16GB DDR4 3200MHz CL16 RGB Gris","https://mla-s1-p.mlstatic.com/859780-MLA92477499734_092025-AB.jpg","scraping"
"PVSR416G360C0","Memoria RAM Patriot Viper Steel 16GB DDR4 3600MHz CL20 RGB Negra","287812.00","insumosacuario","accesorios","10","directa","Memoria RAM Patriot Viper Steel 16GB DDR4 3600MHz CL20 RGB Negra","https://mla-s1-p.mlstatic.com/884961-MLU74958553051_032024-AB.jpg","scraping"
"GP-ARS16G33","Memoria RAM Gigabyte AORUS 16GB (2x8GB) DDR4 3333MHz CL18 RGB","308560.00","insumosacuario","accesorios","10","directa","Memoria RAM Gigabyte AORUS 16GB (2x8GB) DDR4 3333MHz CL18 RGB","https://mla-s1-p.mlstatic.com/713749-MLM74113013626_012024-AB.jpg","scraping"
"HIK-HSC416U32C4","Memoria RAM Hiksemi Future 16GB DDR4 3200MHz CL22 RGB","310783.00","insumosacuario","accesorios","10","directa","Memoria RAM Hiksemi Future 16GB DDR4 3200MHz CL22 RGB","https://mla-s1-p.mlstatic.com/690296-MLU77846338757_072024-AB.jpg","scraping"
"AX4U360016G18I-SBKD35G","Memoria RAM ADATA XPG Spectrix D35G 16GB DDR4 3600MHz CL18 RGB Negra","319793.00","insumosacuario","accesorios","10","directa","Memoria RAM ADATA XPG Spectrix D35G 16GB DDR4 3600MHz CL18 RGB Negra","https://mla-s1-p.mlstatic.com/701108-MLA81886917131_012025-AB.jpg","scraping"
"PSD416G32002","Memoria RAM Patriot Signature Line 16GB DDR4 3200MHz CL22 Single Rank","341104.00","insumosacuario","accesorios","10","directa","Memoria RAM Patriot Signature Line 16GB DDR4 3200MHz CL22 Single Rank","https://mla-s1-p.mlstatic.com/717987-MLA99510371732_112025-AB.jpg","scraping"
"CRUCIAL-CT16G56C46U5","Memoria RAM Crucial 16GB DDR5 5600MHz CL46","394005.00","insumosacuario","accesorios","10","directa","Memoria RAM Crucial 16GB DDR5 5600MHz CL46","https://mla-s1-p.mlstatic.com/705252-MLU72721638611_112023-AB.jpg","scraping"
"PSP516G56002H1","Memoria RAM Patriot Signature Premium 16GB DDR5 5600MHz CL46","394410.00","insumosacuario","accesorios","10","directa","Memoria RAM Patriot Signature Premium 16GB DDR5 5600MHz CL46","https://mla-s1-p.mlstatic.com/846286-MLA79995890605_102024-AB.jpg","scraping"
"AD5U560016G-S","Memoria RAM ADATA Premier 16GB DDR5 5600MHz CL46","399001.00","insumosacuario","accesorios","10","directa","Memoria RAM ADATA Premier 16GB DDR5 5600MHz CL46","https://mla-s1-p.mlstatic.com/780446-MLA99859834557_112025-AB.jpg","scraping"
"PVE2432G360C0K","Memoria RAM Patriot Viper Elite II 32GB (2x16GB) DDR4 3600MHz CL20 Gris","399131.00","insumosacuario","accesorios","10","directa","Memoria RAM Patriot Viper Elite II 32GB (2x16GB) DDR4 3600MHz CL20 Gris","https://mla-s1-p.mlstatic.com/693678-MLA115345773680_082026-AB.jpg","scraping"
"HIKSEMIHIKER32-3200-PC","Memoria RAM Hiksemi Hiker 32GB DDR4 3200MHz CL22","402596.00","insumosacuario","accesorios","10","directa","Memoria RAM Hiksemi Hiker 32GB DDR4 3200MHz CL22","https://mla-s1-p.mlstatic.com/906314-MLA79016617344_092024-AB.jpg","scraping"
"LEXAR-LD5U16G56C46ST","Memoria RAM Lexar 16GB DDR5 5600MHz CL46","407303.00","insumosacuario","accesorios","10","directa","Memoria RAM Lexar 16GB DDR5 5600MHz CL46","https://mla-s1-p.mlstatic.com/712815-MLA84416469590_052025-AB.jpg","scraping"
"PATRIOT-PVV516G56C36","Memoria RAM Patriot Viper Venom 16GB DDR5 5600MHz CL36 Negra","416428.00","insumosacuario","accesorios","10","directa","Memoria RAM Patriot Viper Venom 16GB DDR5 5600MHz CL36 Negra","https://mla-s1-p.mlstatic.com/681093-MLA81944900034_022025-AB.jpg","scraping"
"PE000727-PVS432G360C8K","Memoria RAM Patriot Viper Steel 32GB (2x16GB) DDR4 3600MHz CL18 Gunmetal","396936.00","insumosacuario","accesorios","10","directa","Memoria RAM Patriot Viper Steel 32GB (2x16GB) DDR4 3600MHz CL18 Gunmetal","https://mla-s1-p.mlstatic.com/728310-MLA99969850551_112025-AB.jpg","scraping"
"PSD432G32002","Memoria RAM Patriot Signature Line 32GB DDR4 3200MHz CL22","426390.00","insumosacuario","accesorios","10","directa","Memoria RAM Patriot Signature Line 32GB DDR4 3200MHz CL22","https://mla-s1-p.mlstatic.com/748906-MLA54438537792_032023-AB.jpg","scraping"
"CP16G56C46U5","Memoria RAM Crucial Pro 16GB DDR5 5600MHz CL46 Negra","415721.00","insumosacuario","accesorios","10","directa","Memoria RAM Crucial Pro 16GB DDR5 5600MHz CL46 Negra","https://mla-s1-p.mlstatic.com/926094-MLA79928824411_102024-AB.jpg","scraping"
"CMK16GX5M1B5600C40","Memoria RAM Corsair Vengeance 16GB DDR5 5600MHz CL40 Negra CMK16GX5M1B5600C40","470427.00","insumosacuario","accesorios","10","directa","Memoria RAM Corsair Vengeance 16GB DDR5 5600MHz CL40 Negra CMK16GX5M1B5600C40","https://mla-s1-p.mlstatic.com/982036-MLA75867984328_042024-AB.jpg","scraping"
"LD4AU032G-B3200GSST","Memoria RAM Lexar 32GB DDR4 3200MHz CL22 Negra","412660.00","insumosacuario","accesorios","10","directa","Memoria RAM Lexar 32GB DDR4 3200MHz CL22 Negra","https://mla-s1-p.mlstatic.com/680458-MLU73268603178_122023-AB.jpg","scraping"
"CT32G4DFD832A","Memoria RAM Crucial 32GB DDR4 3200MHz CL22","500993.00","insumosacuario","accesorios","10","directa","Memoria RAM Crucial 32GB DDR4 3200MHz CL22","https://mla-s1-p.mlstatic.com/932312-MLA77821821775_072024-AB.jpg","scraping"
"CMH16GX5M1B5600C40","Memoria RAM Corsair Vengeance 16GB DDR5 5600MHz CL40 RGB Negra CMH16GX5M1B5600C40","514233.00","insumosacuario","accesorios","10","directa","Memoria RAM Corsair Vengeance 16GB DDR5 5600MHz CL40 RGB Negra CMH16GX5M1B5600C40","https://mla-s1-p.mlstatic.com/614279-MLU78957995948_092024-AB.jpg","scraping"
"CMH16GX5M2B5200Z40","Memoria RAM Corsair Vengeance 16GB (2x8GB) DDR5 5200MHz CL40 RGB Negra CMH16GX5M2B5200Z40","471163.00","insumosacuario","accesorios","10","directa","Memoria RAM Corsair Vengeance 16GB (2x8GB) DDR5 5200MHz CL40 RGB Negra CMH16GX5M2B5200Z40","https://mla-s1-p.mlstatic.com/949310-MLA115078079153_072026-AB.jpg","scraping"
"CP32G4DFRA32A","Memoria RAM Crucial Pro 32GB DDR4 3200MHz CL22 Negra","528223.00","insumosacuario","accesorios","10","directa","Memoria RAM Crucial Pro 32GB DDR4 3200MHz CL22 Negra","https://mla-s1-p.mlstatic.com/721847-MLA79415244724_092024-AB.jpg","scraping"
"CP24G56C46U5","Memoria RAM Crucial Pro 24GB DDR5 5600MHz CL46 Negra","532988.00","insumosacuario","accesorios","10","directa","Memoria RAM Crucial Pro 24GB DDR5 5600MHz CL46 Negra","https://mla-s1-p.mlstatic.com/744887-MLA94682994486_102025-AB.jpg","scraping"
"ADATA-AD4U320032G22-SGN","Memoria RAM ADATA Premier 32GB DDR4 3200MHz CL22","534576.00","insumosacuario","accesorios","10","directa","Memoria RAM ADATA Premier 32GB DDR4 3200MHz CL22","https://mla-s1-p.mlstatic.com/947087-MLU75209980568_032024-AB.jpg","scraping"
"PVSR432G360C0","Memoria RAM Patriot Viper Steel 32GB DDR4 3600MHz CL20 RGB Negra","536496.00","insumosacuario","accesorios","10","directa","Memoria RAM Patriot Viper Steel 32GB DDR4 3600MHz CL20 RGB Negra","https://mla-s1-p.mlstatic.com/826714-MLU70464111672_072023-AB.jpg","scraping"
"KF432C16BB/32","Memoria RAM Kingston Fury Beast 32GB DDR4 3200MHz CL16 Negra","538345.00","insumosacuario","accesorios","10","directa","Memoria RAM Kingston Fury Beast 32GB DDR4 3200MHz CL16 Negra","https://mla-s1-p.mlstatic.com/853562-MLA74781346721_022024-AB.jpg","scraping"
"OEM-HMAG56EXNSA051N BD","Memoria RAM SODIMM SK Hynix 4GB DDR4 3200MHz CL22 Bulk","55515.00","insumosacuario","accesorios","10","directa","Memoria RAM SODIMM SK Hynix 4GB DDR4 3200MHz CL22 Bulk","https://mla-s1-p.mlstatic.com/669385-MLA90829384736_082025-AB.jpg","scraping"
"D4S32008G-B","Memoria RAM SODIMM KingDian 8GB DDR4 3200MHz CL22","117917.00","insumosacuario","accesorios","10","directa","Memoria RAM SODIMM KingDian 8GB DDR4 3200MHz CL22","https://mla-s1-p.mlstatic.com/721916-MLA101183427489_122025-AB.jpg","scraping"
"LD4AS008G-B3200GSST","Memoria RAM SODIMM Lexar 8GB DDR4 3200MHz CL22","123259.00","insumosacuario","accesorios","10","directa","Memoria RAM SODIMM Lexar 8GB DDR4 3200MHz CL22","https://mla-s1-p.mlstatic.com/944500-MLA69302005885_052023-AB.jpg","scraping"
"CT8G4SFRA32A-SODIMM","Memoria RAM SODIMM Crucial 8GB DDR4 3200MHz CL22","139344.00","insumosacuario","accesorios","10","directa","Memoria RAM SODIMM Crucial 8GB DDR4 3200MHz CL22","https://mla-s1-p.mlstatic.com/742922-MLA74650715482_022024-AB.jpg","scraping"
"CMSX8GX4M1A3200C22","Memoria RAM SODIMM Corsair Vengeance 8GB DDR4 3200MHz CL22 CMSX8GX4M1A3200C22","171498.00","insumosacuario","accesorios","10","directa","Memoria RAM SODIMM Corsair Vengeance 8GB DDR4 3200MHz CL22 CMSX8GX4M1A3200C22","https://mla-s1-p.mlstatic.com/905025-MLA103368657992_012026-AB.jpg","scraping"
"PS001643-PSD58G480041S","Memoria RAM SODIMM Patriot Signature Line 8GB DDR5 4800MHz CL40","178644.00","insumosacuario","accesorios","10","directa","Memoria RAM SODIMM Patriot Signature Line 8GB DDR5 4800MHz CL40","https://mla-s1-p.mlstatic.com/947048-MLA72860700817_112023-AB.jpg","scraping"
"D4S320016G-B","Memoria RAM SODIMM KingDian 16GB DDR4 3200MHz CL22","178240.00","insumosacuario","accesorios","10","directa","Memoria RAM SODIMM KingDian 16GB DDR4 3200MHz CL22","https://mla-s1-p.mlstatic.com/889237-MLA101183112923_122025-AB.jpg","scraping"
"HKED4162DAB1D0ZA1/16G-SODIMM","Memoria RAM SODIMM Hikvision 16GB DDR4 2666MHz CL19","208921.00","insumosacuario","accesorios","10","directa","Memoria RAM SODIMM Hikvision 16GB DDR4 2666MHz CL19","https://mla-s1-p.mlstatic.com/838952-MLA54886157293_042023-AB.jpg","scraping"
"CMSX8GX5M1A48","Memoria RAM SODIMM Corsair Vengeance 8GB DDR5 4800MHz CL40 CMSX8GX5M1A4800C40","230001.00","insumosacuario","accesorios","10","directa","Memoria RAM SODIMM Corsair Vengeance 8GB DDR5 4800MHz CL40 CMSX8GX5M1A4800C40","https://mla-s1-p.mlstatic.com/795627-MLA99962140861_112025-AB.jpg","scraping"
"HSC416S32Z1-16G","Memoria RAM SODIMM Hiksemi Hiker 16GB DDR4 3200MHz CL22","203940.00","insumosacuario","accesorios","10","directa","Memoria RAM SODIMM Hiksemi Hiker 16GB DDR4 3200MHz CL22","https://mla-s1-p.mlstatic.com/829947-MLA92143797711_092025-AB.jpg","scraping"
"KVR32S22S8/16","Memoria RAM SODIMM Kingston ValueRAM 16GB DDR4 3200MHz CL22","226579.00","insumosacuario","accesorios","10","directa","Memoria RAM SODIMM Kingston ValueRAM 16GB DDR4 3200MHz CL22","https://mla-s1-p.mlstatic.com/722298-MLA74782716111_022024-AB.jpg","scraping"
"PE000869-PVS416G320C8S","Memoria RAM SODIMM Patriot Viper Steel 16GB DDR4 3200MHz CL18","287812.00","insumosacuario","accesorios","10","directa","Memoria RAM SODIMM Patriot Viper Steel 16GB DDR4 3200MHz CL18","https://mla-s1-p.mlstatic.com/900010-MLU73708951114_012024-AB.jpg","scraping"
"PSD416G32002S-SODIM","Memoria RAM SODIMM Patriot Signature Line 16GB DDR4 3200MHz CL22","334419.00","insumosacuario","accesorios","10","directa","Memoria RAM SODIMM Patriot Signature Line 16GB DDR4 3200MHz CL22","https://mla-s1-p.mlstatic.com/783023-MLA90239832022_082025-AB.jpg","scraping"
"PS001576-PSD416G320081S","Memoria RAM SODIMM Patriot Signature Line 16GB DDR4 3200MHz CL22 Single Rank","359830.00","insumosacuario","accesorios","10","directa","Memoria RAM SODIMM Patriot Signature Line 16GB DDR4 3200MHz CL22 Single Rank","https://mla-s1-p.mlstatic.com/942393-MLA74806224805_022024-AB.jpg","scraping"
"CRUCIALCB16GS4800-SOD","Memoria RAM SODIMM Crucial Basics 16GB DDR5 4800MHz CL40","420485.00","insumosacuario","accesorios","10","directa","Memoria RAM SODIMM Crucial Basics 16GB DDR5 4800MHz CL40","https://mla-s1-p.mlstatic.com/650146-MLU77107059890_062024-AB.jpg","scraping"
"ADATA-AD5S560016G-S","Memoria RAM SODIMM ADATA Premier 16GB DDR5 5600MHz CL46","428729.00","insumosacuario","accesorios","10","directa","Memoria RAM SODIMM ADATA Premier 16GB DDR5 5600MHz CL46","https://mla-s1-p.mlstatic.com/743378-MLU75788296549_042024-AB.jpg","scraping"
"KVR32S22D8/32","Memoria RAM SODIMM Kingston ValueRAM 32GB DDR4 3200MHz CL22","428744.00","insumosacuario","accesorios","10","directa","Memoria RAM SODIMM Kingston ValueRAM 32GB DDR4 3200MHz CL22","https://mla-s1-p.mlstatic.com/896692-MLA97667414974_112025-AB.jpg","scraping"
"CMSX16GX5M1A5600C48","Memoria RAM SODIMM Corsair Vengeance 16GB DDR5 5600MHz CL48 CMSX16GX5M1A5600C48","504813.00","insumosacuario","accesorios","10","directa","Memoria RAM SODIMM Corsair Vengeance 16GB DDR5 5600MHz CL48 CMSX16GX5M1A5600C48","https://mla-s1-p.mlstatic.com/735979-MLU75770135237_042024-AB.jpg","scraping"
"CMSX24GX5M1A4800C40","Memoria RAM SODIMM Corsair Vengeance 24GB DDR5 4800MHz CL40 CMSX24GX5M1A4800C40","535240.00","insumosacuario","accesorios","10","directa","Memoria RAM SODIMM Corsair Vengeance 24GB DDR5 4800MHz CL40 CMSX24GX5M1A4800C40","https://mla-s1-p.mlstatic.com/660003-MLA101263625986_122025-AB.jpg","scraping"
"CMSX24GX5M1A5600C48","Memoria RAM SODIMM Corsair Vengeance 24GB DDR5 5600MHz CL48 CMSX24GX5M1A5600C48","603562.00","insumosacuario","accesorios","10","directa","Memoria RAM SODIMM Corsair Vengeance 24GB DDR5 5600MHz CL48 CMSX24GX5M1A5600C48","https://mla-s1-p.mlstatic.com/733820-MLA99505007992_112025-AB.jpg","scraping"
"AD5S560032G-S","Memoria RAM SODIMM ADATA Premier 32GB DDR5 5600MHz CL46","726417.00","insumosacuario","accesorios","10","directa","Memoria RAM SODIMM ADATA Premier 32GB DDR5 5600MHz CL46","https://mla-s1-p.mlstatic.com/759884-MLA92382664566_092025-AB.jpg","scraping"
"CMSX32GX5M1A5600C48","Memoria RAM SODIMM Corsair Vengeance 32GB DDR5 5600MHz CL48 CMSX32GX5M1A5600C48","797150.00","insumosacuario","accesorios","10","directa","Memoria RAM SODIMM Corsair Vengeance 32GB DDR5 5600MHz CL48 CMSX32GX5M1A5600C48","https://mla-s1-p.mlstatic.com/859618-MLA85439296030_062025-AB.jpg","scraping"
"PS001666-PSD532G56002S","Memoria RAM SODIMM Patriot Signature Line 32GB DDR5 5600MHz CL46","823471.00","insumosacuario","accesorios","10","directa","Memoria RAM SODIMM Patriot Signature Line 32GB DDR5 5600MHz CL46","https://mla-s1-p.mlstatic.com/643994-MLA69805598895_062023-AB.jpg","scraping"
"KF548S38IB-32","Memoria RAM SODIMM Kingston Fury Impact 32GB DDR5 4800MHz CL38 Negra","857444.00","insumosacuario","accesorios","10","directa","Memoria RAM SODIMM Kingston Fury Impact 32GB DDR5 4800MHz CL38 Negra","https://mla-s1-p.mlstatic.com/827954-MLA54815714436_042023-AB.jpg","scraping"
"CMSX48GX5M1A4800C40","Memoria RAM SODIMM Corsair Vengeance 48GB DDR5 4800MHz CL40 CMSX48GX5M1A4800C40","953906.00","insumosacuario","accesorios","10","directa","Memoria RAM SODIMM Corsair Vengeance 48GB DDR5 4800MHz CL40 CMSX48GX5M1A4800C40","https://mla-s1-p.mlstatic.com/622981-MLA101766352365_122025-AB.jpg","scraping"
"PATRIOT-PBE120GS25SSDR","Disco Sólido SSD 2.5"" Patriot 120GB Burst Elite 450MB/s SATA III","42492.00","insumosacuario","accesorios","10","directa","Disco Sólido SSD 2.5"" Patriot 120GB Burst Elite 450MB/s SATA III","https://mla-s1-p.mlstatic.com/888529-MLA92851751009_092025-AB.jpg","scraping"
"PATRIOT-PBE240GS25SSDR","Disco Sólido SSD 2.5"" Patriot 240GB Burst Elite 450MB/s SATA III","69997.00","insumosacuario","accesorios","10","directa","Disco Sólido SSD 2.5"" Patriot 240GB Burst Elite 450MB/s SATA III","https://mla-s1-p.mlstatic.com/907782-MLA92850204993_092025-AB.jpg","scraping"
"ASU650SS-256GT-R","Disco Sólido SSD 2.5"" ADATA 256GB Ultimate SU650 520MB/s SATA III +q 240 +q 250gb","68322.00","insumosacuario","accesorios","10","directa","Disco Sólido SSD 2.5"" ADATA 256GB Ultimate SU650 520MB/s SATA III +q 240 +q 250gb","https://mla-s1-p.mlstatic.com/695422-MLA99415702730_112025-AB.jpg","scraping"
"PSK-M2SSD6G-256G","Disco Sólido SSD M.2 2280 Puskill 256GB SATA III 550MB/s +q 240 +q 250gb","91027.00","insumosacuario","accesorios","10","directa","Disco Sólido SSD M.2 2280 Puskill 256GB SATA III 550MB/s +q 240 +q 250gb","https://mla-s1-p.mlstatic.com/906152-MLA115146946942_082026-AB.jpg","scraping"
"27309","Disco Ssd 240gb Kingston A400 SATA III 2.5","116268.00","insumosacuario","accesorios","10","directa","Disco Ssd 240gb Kingston A400 SATA III 2.5","https://www.air-intra.com/imgart/27309.jpg","scraping"
"HIKSEMI HS-SSD-WAVES-480","Disco Sólido SSD 2.5"" Hiksemi 480GB Wave S 550MB/s SATA III Negro","130767.00","insumosacuario","accesorios","10","directa","Disco Sólido SSD 2.5"" Hiksemi 480GB Wave S 550MB/s SATA III Negro","https://mla-s1-p.mlstatic.com/884746-MLA92914029745_092025-AB.jpg","scraping"
"PATRIOT-PBE480GS25SSDR","Disco Sólido SSD 2.5"" Patriot 480GB Burst Elite 450MB/s SATA III","128731.00","insumosacuario","accesorios","10","directa","Disco Sólido SSD 2.5"" Patriot 480GB Burst Elite 450MB/s SATA III","https://mla-s1-p.mlstatic.com/725293-MLA52219240527_102022-AB.jpg","scraping"
"LXALNQ100X512G-RNNNG","Disco Sólido SSD 2.5"" Lexar 512GB NQ100 550MB/s SATA III +q 480 +q 500gb","114986.00","insumosacuario","accesorios","10","directa","Disco Sólido SSD 2.5"" Lexar 512GB NQ100 550MB/s SATA III +q 480 +q 500gb","https://mla-s1-p.mlstatic.com/679961-MLA105236937697_012026-AB.jpg","scraping"
"214034","Disco Ssd Hiksemi Wave 480gb SATA III","144618.00","insumosacuario","accesorios","10","directa","Disco Ssd Hiksemi Wave 480gb SATA III","https://www.air-intra.com/imgart/214034.jpg","scraping"
"PATRIOT-P210S512G25","Disco Sólido SSD 2.5"" Patriot 512GB P210 500MB/s SATA III +q 480 +q 500gb","149248.00","insumosacuario","accesorios","10","directa","Disco Sólido SSD 2.5"" Patriot 512GB P210 500MB/s SATA III +q 480 +q 500gb","https://mla-s1-p.mlstatic.com/918066-MLA74529091042_022024-AB.jpg","scraping"
"ADATASU630480GBBLISTER","Disco Sólido SSD 2.5"" ADATA 480GB Ultimate SU630 520MB/s SATA III","152367.00","insumosacuario","accesorios","10","directa","Disco Sólido SSD 2.5"" ADATA 480GB Ultimate SU630 520MB/s SATA III","https://mla-s1-p.mlstatic.com/963664-MLA41897683345_052020-AB.jpg","scraping"
"KINGSSDA400480G","Disco Sólido SSD 2.5"" Kingston 480GB A400 500MB/s SATA III","152482.00","insumosacuario","accesorios","10","directa","Disco Sólido SSD 2.5"" Kingston 480GB A400 500MB/s SATA III","https://mla-s1-p.mlstatic.com/716656-MLA48378137976_112021-AB.jpg","scraping"
"218042","Disco Ssd 250gb Western digital WD Green 2.5 545mb/s 240gb","160351.00","insumosacuario","accesorios","10","directa","Disco Ssd 250gb Western digital WD Green 2.5 545mb/s 240gb","https://www.air-intra.com/imgart/218042.jpg","scraping"
"LNQ100X480G-RNNNU","Disco Sólido SSD 2.5"" Lexar 480GB NQ100 550MB/s SATA III","161968.00","insumosacuario","accesorios","10","directa","Disco Sólido SSD 2.5"" Lexar 480GB NQ100 550MB/s SATA III","https://mla-s1-p.mlstatic.com/605927-MLA48636024909_122021-AB.jpg","scraping"
"CRUCIALBX500500GB","Disco Sólido SSD 2.5"" Crucial 500GB BX500 550MB/s SATA III +q 480gb","170559.00","insumosacuario","accesorios","10","directa","Disco Sólido SSD 2.5"" Crucial 500GB BX500 550MB/s SATA III +q 480gb","https://mla-s1-p.mlstatic.com/650801-MLA92443454126_092025-AB.jpg","scraping"
"27625","Disco Ssd 480gb Kingston A400 2.5","184084.00","insumosacuario","accesorios","10","directa","Disco Ssd 480gb Kingston A400 2.5","https://www.air-intra.com/imgart/27625.jpg","scraping"
"PATRIOT-P210S1TB25","Disco Sólido SSD 2.5"" Patriot 1TB P210 520MB/s SATA III +q 960gb","237538.00","insumosacuario","accesorios","10","directa","Disco Sólido SSD 2.5"" Patriot 1TB P210 520MB/s SATA III +q 960gb","https://mla-s1-p.mlstatic.com/990626-MLA50233717376_062022-AB.jpg","scraping"
"SA400S37/960G","Disco Sólido SSD 2.5"" Kingston 960GB A400 500MB/s SATA III","238693.00","insumosacuario","accesorios","10","directa","Disco Sólido SSD 2.5"" Kingston 960GB A400 500MB/s SATA III","https://mla-s1-p.mlstatic.com/833729-MLA71520897901_092023-AB.jpg","scraping"
"DISCOSSD1TBVERBATIM","Disco Sólido SSD 2.5"" Verbatim 1TB Vi550 S3 560MB/s SATA III +q 960gb","229438.00","insumosacuario","accesorios","10","directa","Disco Sólido SSD 2.5"" Verbatim 1TB Vi550 S3 560MB/s SATA III +q 960gb","https://mla-s1-p.mlstatic.com/692415-MLA49128720598_022022-AB.jpg","scraping"
"WDS100T3G0A","Disco Sólido SSD 2.5"" Western Digital 1TB Green 545MB/s SATA III +q 960gb","234535.00","insumosacuario","accesorios","10","directa","Disco Sólido SSD 2.5"" Western Digital 1TB Green 545MB/s SATA III +q 960gb","https://mla-s1-p.mlstatic.com/665003-MLA92846333043_092025-AB.jpg","scraping"
"LNQ100X001T-RNNNG","Disco Sólido SSD 2.5"" Lexar 1TB NQ100 550MB/s SATA III +q 960gb","223620.00","insumosacuario","accesorios","10","directa","Disco Sólido SSD 2.5"" Lexar 1TB NQ100 550MB/s SATA III +q 960gb","https://mla-s1-p.mlstatic.com/823473-MLA99903563681_112025-AB.jpg","scraping"
"214035","Disco Ssd Hiksemi Wave 960gb SATA III","253153.00","insumosacuario","accesorios","10","directa","Disco Ssd Hiksemi Wave 960gb SATA III","https://www.air-intra.com/imgart/214035.jpg","scraping"
"52432","Disco Ssd 480gb Western digital WD Green 2.5 545mb/s","263033.00","insumosacuario","accesorios","10","directa","Disco Ssd 480gb Western digital WD Green 2.5 545mb/s","https://www.air-intra.com/imgart/52432.jpg","scraping"
"ASU630SS-1T92Q","Disco Sólido SSD 2.5"" ADATA 1.92TB Ultimate SU630 520MB/s SATA III","287177.00","insumosacuario","accesorios","10","directa","Disco Sólido SSD 2.5"" ADATA 1.92TB Ultimate SU630 520MB/s SATA III","https://mla-s1-p.mlstatic.com/779193-MLA96669640336_112025-AB.jpg","scraping"
"SSD7CS900-1TB-RB","Disco Sólido SSD 2.5"" PNY 1TB CS900 535MB/s SATA III +q 960gb","309137.00","insumosacuario","accesorios","10","directa","Disco Sólido SSD 2.5"" PNY 1TB CS900 535MB/s SATA III +q 960gb","https://mla-s1-p.mlstatic.com/712220-MLA49635476822_042022-AB.jpg","scraping"
"WDS200T2G0A","Disco Sólido SSD 2.5"" Western Digital 2TB Green 545MB/s SATA III","341277.00","insumosacuario","accesorios","10","directa","Disco Sólido SSD 2.5"" Western Digital 2TB Green 545MB/s SATA III","https://mla-s1-p.mlstatic.com/956627-MLA92850356851_092025-AB.jpg","scraping"
"CRUCIALBX5002TB","Disco Sólido SSD 2.5"" Crucial 2TB BX500 540MB/s SATA III","360003.00","insumosacuario","accesorios","10","directa","Disco Sólido SSD 2.5"" Crucial 2TB BX500 540MB/s SATA III","https://mla-s1-p.mlstatic.com/884911-MLA41510486885_042020-AB.jpg","scraping"
"SDSSDA-2T00-G26","Disco Sólido SSD 2.5"" SanDisk 2TB SSD Plus 545MB/s SATA III","334173.00","insumosacuario","accesorios","10","directa","Disco Sólido SSD 2.5"" SanDisk 2TB SSD Plus 545MB/s SATA III","https://mla-s1-p.mlstatic.com/646445-MLA92483314222_092025-AB.jpg","scraping"
"52431","Disco Ssd Sata 1tb Western digital WD Green 2.5 545mb/s","515749.00","insumosacuario","accesorios","10","directa","Disco Ssd Sata 1tb Western digital WD Green 2.5 545mb/s","https://www.air-intra.com/imgart/52431.jpg","scraping"
"213675","Disco SSD SATA Empresarial DC600M 960gb Kingston Sata iii 2.5 P/server","1478313.00","insumosacuario","accesorios","10","directa","Disco SSD SATA Empresarial DC600M 960gb Kingston Sata iii 2.5 P/server","https://cdn.insumosacuario.com.ar/thumb_10-08-2026-06-08-56_SEDC600M_960G_1_pkg-zm-lg.webp","scraping"
"AMD-YD3000C6M2OFH-COOLER","Procesador AMD Athlon 3000G 2 Núcleos 3.5GHz AM4 Radeon Vega 3 Cooler","56078.00","insumosacuario","accesorios","10","directa","Procesador AMD Athlon 3000G 2 Núcleos 3.5GHz AM4 Radeon Vega 3 Cooler","https://mla-s1-p.mlstatic.com/727062-MLA114291462899_072026-AB.jpg","scraping"
"RYZEN5-5500","Procesador AMD Ryzen 5 5500 6 Núcleos 4.2GHz AM4 Sin Video Cooler","163990.00","insumosacuario","accesorios","10","directa","Procesador AMD Ryzen 5 5500 6 Núcleos 4.2GHz AM4 Sin Video Cooler","https://mla-s1-p.mlstatic.com/977229-MLA49731009406_042022-AB.jpg","scraping"
"RYZ53400GAM4-OEM-COOLER","Procesador AMD Ryzen 5 3400G 4 Núcleos 4.2GHz AM4 Radeon RX Vega 11 OEM Cooler","183179.00","insumosacuario","accesorios","10","directa","Procesador AMD Ryzen 5 3400G 4 Núcleos 4.2GHz AM4 Radeon RX Vega 11 OEM Cooler","https://mla-s1-p.mlstatic.com/912429-MLA115547779134_082026-AB.jpg","scraping"
"RYZEN-5-8500G","Procesador AMD Ryzen 5 8500G 6 Núcleos 5.0GHz AM5 Radeon 740M Cooler","235805.00","insumosacuario","accesorios","10","directa","Procesador AMD Ryzen 5 8500G 6 Núcleos 5.0GHz AM5 Radeon 740M Cooler","https://mla-s1-p.mlstatic.com/789045-MLU74466624475_022024-AB.jpg","scraping"
"AMD-RYZEN-7-5700","Procesador AMD Ryzen 7 5700 8 Núcleos 4.6GHz AM4 Sin Video Cooler","243775.00","insumosacuario","accesorios","10","directa","Procesador AMD Ryzen 7 5700 8 Núcleos 4.6GHz AM4 Sin Video Cooler","https://mla-s1-p.mlstatic.com/881167-MLA80536057922_112024-AB.jpg","scraping"
"RYZEN5-5600T","Procesador AMD Ryzen 5 5600T 6 Núcleos 4.5GHz AM4 Sin Video","302554.00","insumosacuario","accesorios","10","directa","Procesador AMD Ryzen 5 5600T 6 Núcleos 4.5GHz AM4 Sin Video","https://mla-s1-p.mlstatic.com/909846-MLA80674265230_112024-AB.jpg","scraping"
"100-100001488BOX","Procesador AMD Ryzen 5 5600GT 6 Núcleos 4.6GHz AM4 Radeon Vega 7 Cooler","264538.00","insumosacuario","accesorios","10","directa","Procesador AMD Ryzen 5 5600GT 6 Núcleos 4.6GHz AM4 Radeon Vega 7 Cooler","https://mla-s1-p.mlstatic.com/959314-MLA79351951030_092024-AB.jpg","scraping"
"RYZEN7-5700G","Procesador AMD Ryzen 7 5700G 8 Núcleos 4.6GHz AM4 Radeon Vega 8 Cooler","311910.00","insumosacuario","accesorios","10","directa","Procesador AMD Ryzen 7 5700G 8 Núcleos 4.6GHz AM4 Radeon Vega 8 Cooler","https://mla-s1-p.mlstatic.com/758083-MLA47034716426_082021-AB.jpg","scraping"
"RYZEN5-5600XT","Procesador AMD Ryzen 5 5600XT 6 Núcleos 4.6GHz AM4 Sin Video","327387.00","insumosacuario","accesorios","10","directa","Procesador AMD Ryzen 5 5600XT 6 Núcleos 4.6GHz AM4 Sin Video","https://mla-s1-p.mlstatic.com/785684-MLA80836963525_112024-AB.jpg","scraping"
"AMDRYZEN75700X","Procesador AMD Ryzen 7 5700X 8 Núcleos 4.6GHz AM4 Sin Video","371872.00","insumosacuario","accesorios","10","directa","Procesador AMD Ryzen 7 5700X 8 Núcleos 4.6GHz AM4 Sin Video","https://mla-s1-p.mlstatic.com/704008-MLA50295358532_062022-AB.jpg","scraping"
"RYZEN5-7600","Procesador AMD Ryzen 5 7600 6 Núcleos 5.1GHz AM5 Radeon Graphics Cooler","384794.00","insumosacuario","accesorios","10","directa","Procesador AMD Ryzen 5 7600 6 Núcleos 5.1GHz AM5 Radeon Graphics Cooler","https://mla-s1-p.mlstatic.com/854649-MLU72597804137_102023-AB.jpg","scraping"
"AMDRYZEN5-7600X","Procesador AMD Ryzen 5 7600X 6 Núcleos 5.3GHz AM5 Radeon Graphics","384794.00","insumosacuario","accesorios","10","directa","Procesador AMD Ryzen 5 7600X 6 Núcleos 5.3GHz AM5 Radeon Graphics","https://mla-s1-p.mlstatic.com/862878-MLA99383752188_112025-AB.jpg","scraping"
"RYZEN5-9600","Procesador AMD Ryzen 5 9600 6 Núcleos 5.4GHz AM5 Radeon Graphics Cooler","398496.00","insumosacuario","accesorios","10","directa","Procesador AMD Ryzen 5 9600 6 Núcleos 5.4GHz AM5 Radeon Graphics Cooler","https://mla-s1-p.mlstatic.com/757038-MLA93838225941_092025-AB.jpg","scraping"
"100-100001590BOX","Procesador AMD Ryzen 7 8700F 8 Núcleos 5.0GHz AM5 Sin Video Cooler","408631.00","insumosacuario","accesorios","10","directa","Procesador AMD Ryzen 7 8700F 8 Núcleos 5.0GHz AM5 Sin Video Cooler","https://mla-s1-p.mlstatic.com/880185-MLU76892780515_062024-AB.jpg","scraping"
"AMD-100001236BOX-RYZ8700G","Procesador AMD Ryzen 7 8700G 8 Núcleos 5.1GHz AM5 Radeon 780M Cooler","422795.00","insumosacuario","accesorios","10","directa","Procesador AMD Ryzen 7 8700G 8 Núcleos 5.1GHz AM5 Radeon 780M Cooler","https://mla-s1-p.mlstatic.com/739446-MLA74443860935_022024-AB.jpg","scraping"
"RYZEN-75800XT","Procesador AMD Ryzen 7 5800XT 8 Núcleos 4.8GHz AM4 Sin Video Cooler","473647.00","insumosacuario","accesorios","10","directa","Procesador AMD Ryzen 7 5800XT 8 Núcleos 4.8GHz AM4 Sin Video Cooler","https://mla-s1-p.mlstatic.com/905372-MLA98359288723_112025-AB.jpg","scraping"
"RYZEN5-9600X","Procesador AMD Ryzen 5 9600X 6 Núcleos 5.4GHz AM5 Radeon Graphics","489471.00","insumosacuario","accesorios","10","directa","Procesador AMD Ryzen 5 9600X 6 Núcleos 5.4GHz AM5 Radeon Graphics","https://mla-s1-p.mlstatic.com/792273-MLU78265071148_082024-AB.jpg","scraping"
"AMDRYZ7-7700X","Procesador AMD Ryzen 7 7700X 8 Núcleos 5.4GHz AM5 Radeon Graphics","589528.00","insumosacuario","accesorios","10","directa","Procesador AMD Ryzen 7 7700X 8 Núcleos 5.4GHz AM5 Radeon Graphics","https://mla-s1-p.mlstatic.com/765080-MLA52321392660_112022-AB.jpg","scraping"
"RYZEN-7-7800X3D","Procesador AMD Ryzen 7 7800X3D 8 Núcleos 5.0GHz AM5 Radeon Graphics 3D V-Cache","750298.00","insumosacuario","accesorios","10","directa","Procesador AMD Ryzen 7 7800X3D 8 Núcleos 5.0GHz AM5 Radeon Graphics 3D V-Cache","https://mla-s1-p.mlstatic.com/670184-MLA54974087756_042023-AB.jpg","scraping"
"100-100001084WOF","Procesador AMD Ryzen 7 9800X3D 8 Núcleos 5.2GHz AM5 Radeon Graphics 3D V-Cache","963652.00","insumosacuario","accesorios","10","directa","Procesador AMD Ryzen 7 9800X3D 8 Núcleos 5.2GHz AM5 Radeon Graphics 3D V-Cache","https://mla-s1-p.mlstatic.com/913760-MLA80902200096_122024-AB.jpg","scraping"
"100-100001368WOF","Procesador AMD Ryzen 9 9900X3D 12 Núcleos 5.5GHz AM5 Radeon Graphics 3D V-Cache","1225071.00","insumosacuario","accesorios","10","directa","Procesador AMD Ryzen 9 9900X3D 12 Núcleos 5.5GHz AM5 Radeon Graphics 3D V-Cache","https://mla-s1-p.mlstatic.com/746367-MLA82633768082_032025-AB.jpg","scraping"
"MAGNUMTECH-MT-K735","Gabinete Kit Magnum Tech K735 Negro Atx Fuente 600w Tecladomouse Negro","37352.00","insumosacuario","accesorios","10","directa","Gabinete Kit Magnum Tech K735 Negro Atx Fuente 600w Tecladomouse Negro","https://mla-s1-p.mlstatic.com/952167-MLA99968621861_112025-AB.jpg","scraping"
"382BD20.0001-31AL065006P01","Gabinete Gamer Cougar Mx110 4 Fans Rgb + Fuente Cougar Altas 650w Certificada 80 Plus Bronze Negro","117267.00","insumosacuario","accesorios","10","directa","Gabinete Gamer Cougar Mx110 4 Fans Rgb + Fuente Cougar Altas 650w Certificada 80 Plus Bronze Negro","https://mla-s1-p.mlstatic.com/966806-MLA108817197029_032026-AB.jpg","scraping"
"382BD20.0001-31GK085009P01","Gabinete Gamer Cougar Mx110 4 Fans Rgb + Fuente Cougar Ges 850w Certificada 80 Plus Gold Negro","142765.00","insumosacuario","accesorios","10","directa","Gabinete Gamer Cougar Mx110 4 Fans Rgb + Fuente Cougar Ges 850w Certificada 80 Plus Gold Negro","https://mla-s1-p.mlstatic.com/861921-MLA108043903872_032026-AB.jpg","scraping"
"JALATEC-JT-KS31-750W","Gabinete Jalatec Jt-ks31 Argb + Fuente 750w 80 Plus Bronze","156583.00","insumosacuario","accesorios","10","directa","Gabinete Jalatec Jt-ks31 Argb + Fuente 750w 80 Plus Bronze","https://mla-s1-p.mlstatic.com/715798-MLA82397739568_022025-AB.jpg","scraping"
"QBOX195G3550W","Gabinete Gamer Rgb Qbox 195g3 + Fuente 550w 80+ Plus Bronze","186571.00","insumosacuario","accesorios","10","directa","Gabinete Gamer Rgb Qbox 195g3 + Fuente 550w 80+ Plus Bronze","https://mla-s1-p.mlstatic.com/713237-MLA92471389666_092025-AB.jpg","scraping"
