"name","sku","price","currency","image","url","category"
"Kit Upgrade Actualización Cooler Master Intel Lga 1700 Cpu","CM-603005420-GP","10988,00","ARS","https://mla-s1-p.mlstatic.com/924601-MLA92920801843_092025-AB.jpg","https://insumosacuario.com.ar/hardware/coolers/kit-upgrade-actualizacion-cooler-master-intel-lga-1700-cpu-158605.html","coolers"
"Cooler Cooler Master Sickleflow Edge 120 Argb White","CM-SICKLEFLOWEDGE120ARGB-WH","28761,00","ARS","https://mla-s1-p.mlstatic.com/854027-MLA92512096024_092025-AB.jpg","https://insumosacuario.com.ar/hardware/coolers/cooler-cooler-master-sickleflow-edge-120-argb-white-198313.html","coolers"
"Cpu Cooler Thermaltake Cl-p146-ca13sw-aux150 Argb - Negro","CL-P146-CA13SW-A","33396,00","ARS","https://mla-s1-p.mlstatic.com/982528-MLA96526938649_102025-AB.jpg","https://insumosacuario.com.ar/hardware/coolers/cpu-cooler-thermaltake-cl-p146-ca13sw-aux150-argb-negro-200845.html","coolers"
"Cooler Cpu Thermaltake INTEL Ux150-l Argb Intel Cl-p147-ca13sw-a","CL-P147-CA13SW-A","39763,00","ARS","https://mla-s1-p.mlstatic.com/845249-MLA96519645655_102025-AB.jpg","https://insumosacuario.com.ar/hardware/coolers/cooler-cpu-thermaltake-intel-ux150-l-argb-intel-cl-p147-ca13sw-a-200848.html","coolers"
"Cooler Cpu Xyz Thermax 4 White Vortex Argb Fan Pwm Control","XYZ-THERMAX4-WH","41322,00","ARS","https://mla-s1-p.mlstatic.com/602773-MLA92473567924_092025-AB.jpg","https://insumosacuario.com.ar/hardware/coolers/cooler-cpu-xyz-thermax-4-white-vortex-argb-fan-pwm-control-198219.html","coolers"
"Cooler Cpu Aerocool Core Plus A Rgb Intel Amd Am4 1151 Am3","AEROCOOLCOREPLUSARGBPMW4P","41871,00","ARS","https://mla-s1-p.mlstatic.com/776255-MLA92471894248_092025-AB.jpg","https://insumosacuario.com.ar/hardware/coolers/cooler-cpu-aerocool-core-plus-a-rgb-intel-amd-am4-1151-am3-68039.html","coolers"
"Cpu Cooler Thermaltake Ux200 Argb 43.34 Cfm 26 Dba Acuario","THERMALTAKEUX200-ARGB","44874,00","ARS","https://mla-s1-p.mlstatic.com/617196-MLA92484117760_092025-AB.jpg","https://insumosacuario.com.ar/hardware/coolers/cpu-cooler-thermaltake-ux200-argb-43.34-cfm-26-dba-acuario-71253.html","coolers"
"Enfriador Thermaltake Ux500 Argb Negro Con 1 Ventilador Cl-p - Plateado","CL-P144-AL12SW-A","47170,00","ARS","https://mla-s1-p.mlstatic.com/742941-MLA96519647747_102025-AB.jpg","https://insumosacuario.com.ar/hardware/coolers/enfriador-thermaltake-ux500-argb-negro-con-1-ventilador-cl-p-plateado-200850.html","coolers"
"Disipador Cpu Por Aire Intel Amd- Thermaltake Ux200 Se Argb","TT-CL-P105-AL12SW-A","48960,00","ARS","https://mla-s1-p.mlstatic.com/863387-MLA96518277929_102025-AB.jpg","https://insumosacuario.com.ar/hardware/coolers/disipador-cpu-por-aire-intel-amd--thermaltake-ux200-se-argb-194803.html","coolers"
"Cooler Cpu Xyz Thermax 6 White Argb Vortex Argb Fan Pwm Cont","XYZ-VORTEX-6-WH","49913,00","ARS","https://mla-s1-p.mlstatic.com/696164-MLA92438778028_092025-AB.jpg","https://insumosacuario.com.ar/hardware/coolers/cooler-cpu-xyz-thermax-6-white-argb-vortex-argb-fan-pwm-cont-198223.html","coolers"
"Cooler Cpu Cooler Master Hyper 212 Argb Intel Amd C/ Control","COOLMASTHYPER212ARGB","50924,00","ARS","https://mla-s1-p.mlstatic.com/601691-MLA92514690552_092025-AB.jpg","https://insumosacuario.com.ar/hardware/coolers/cooler-cpu-cooler-master-hyper-212-argb-intel-amd-c--control-159088.html","coolers"
"Disipador Cpu Por Aire Intel Amd- Thermaltake Ux200 Se Argb","TT-CL-P116-AL12SW-A","51357,00","ARS","https://mla-s1-p.mlstatic.com/825340-MLA96078740856_102025-AB.jpg","https://insumosacuario.com.ar/hardware/coolers/disipador-cpu-por-aire-intel-amd--thermaltake-ux200-se-argb-194804.html","coolers"
"Cooler Thermaltake Ux500 Argb Blanco Con 1 Ventilador Cl-p14 - Blanco","CL-P145-AL12SW-A","53061,00","ARS","https://mla-s1-p.mlstatic.com/684335-MLA96511572915_102025-AB.jpg","https://insumosacuario.com.ar/hardware/coolers/cooler-thermaltake-ux500-argb-blanco-con-1-ventilador-cl-p14-blanco-200761.html","coolers"
"Cooler Cpu Xyz Thermax 6 Pulsar White Custom, Display Temp","XYZ-THERMAKX6PULSAR-WH","59471,00","ARS","https://mla-s1-p.mlstatic.com/782846-MLA92444018176_092025-AB.jpg","https://insumosacuario.com.ar/hardware/coolers/cooler-cpu-xyz-thermax-6-pulsar-white-custom-display-temp-198231.html","coolers"
"Kit Coolers Corsair Rs120 3x 120mm X 25mm 2100rpm Pwm 4pin Blanco","CO-9050193-WW","64582,00","ARS","https://mla-s1-p.mlstatic.com/763483-MLA110935846796_052026-AB.jpg","https://insumosacuario.com.ar/hardware/coolers/kit-coolers-corsair-rs120-3x-120mm-x-25mm-2100rpm-pwm-4pin-blanco-205248.html","coolers"
"Cpu Cooler Cougar Gaming Forza 50 Argb Mhp 120 120 Negro","3MFZR50.0001","66286,00","ARS","https://mla-s1-p.mlstatic.com/852679-MLA99877181051_112025-AB.jpg","https://insumosacuario.com.ar/hardware/coolers/cpu-cooler-cougar-gaming-forza-50-argb-mhp-120-120-negro-202732.html","coolers"
"Cooler Cpu Thermaltake Astria 200 Argb Tdp 210w Color Blanco","CL-P137-AL12SW-A","69982,00","ARS","https://mla-s1-p.mlstatic.com/869063-MLA96069318360_102025-AB.jpg","https://insumosacuario.com.ar/hardware/coolers/cooler-cpu-thermaltake-astria-200-argb-tdp-210w-color-blanco-200763.html","coolers"
"Cooler Cpu Astria 200 Argb Black Thermaltake Led Negro","CL-P119-AL12S","71599,00","ARS","https://mla-s1-p.mlstatic.com/606645-MLA82067152933_012025-AB.jpg","https://insumosacuario.com.ar/hardware/coolers/cooler-cpu-astria-200-argb-black-thermaltake-led-negro-196320.html","coolers"
"Cpu Cooler Xyz Thermax 6 Duo White Argb 2x Pwm Fans","XYZ-THERMAX6DUO-WH","80248,00","ARS","https://mla-s1-p.mlstatic.com/918855-MLA92895615085_092025-AB.jpg","https://insumosacuario.com.ar/hardware/coolers/cpu-cooler-xyz-thermax-6-duo-white-argb-2x-pwm-fans-198227.html","coolers"
"Cpu Cooler Aerocool Rave 3 Argb Lga1200 Am4 Am3 Am2 120mm","AEROCOOLRAVE3","80291,00","ARS","https://mla-s1-p.mlstatic.com/630523-MLA92473223024_092025-AB.jpg","https://insumosacuario.com.ar/hardware/coolers/cpu-cooler-aerocool-rave-3-argb-lga1200-am4-am3-am2-120mm-159316.html","coolers"
"Cpu Cooler Aerocool Rave 4 Argb Amd Intel Rgb 120mm Acuario","AEROCOOLRAVE4","87640,00","ARS","https://mla-s1-p.mlstatic.com/681519-MLA92889660669_092025-AB.jpg","https://insumosacuario.com.ar/hardware/coolers/cpu-cooler--aerocool-rave-4-argb-amd-intel-rgb-120mm-acuario-159317.html","coolers"
"Cpu Cooler Xyz Thermax 6 Duo Argb 2x Pwm Fans Amd Intel","XYZ-THERMAX6DUO-BK","90037,00","ARS","https://mla-s1-p.mlstatic.com/637575-MLA92846692981_092025-AB.jpg","https://insumosacuario.com.ar/hardware/coolers/cpu-cooler-xyz-thermax-6-duo-argb-2x-pwm-fans-amd-intel-198228.html","coolers"
"Disipador Cooler Cpu Thermaltake Astria 400 White 160mm Tdp","CL-P138-CA12SW-A","97097,00","ARS","https://mla-s1-p.mlstatic.com/973183-MLA96513645395_102025-AB.jpg","https://insumosacuario.com.ar/hardware/coolers/disipador-cooler-cpu-thermaltake-astria-400-white-160mm-tdp-200764.html","coolers"
"Cooler Thermaltake Ct120 Ex Argb Sync Magforce 2.0 Negro X3","CL-F181-PL12SW-A","101977,00","ARS","https://mla-s1-p.mlstatic.com/747118-MLA82133291959_012025-AB.jpg","https://insumosacuario.com.ar/hardware/coolers/cooler-thermaltake-ct120-ex-argb-sync-magforce-2.0-negro-x3-196333.html","coolers"
"Enfriador De Aire Cougar Gaming Forza 85 Argb Mhp 120","3MFZR85.0001","105183,00","ARS","https://mla-s1-p.mlstatic.com/849716-MLU74361189086_022024-AB.jpg","https://insumosacuario.com.ar/hardware/coolers/enfriador-de-aire-cougar-gaming-forza-85-argb-mhp-120-202735.html","coolers"
"Cooler Thermaltake Ct120 Ex Argb Sync Magforce 2.0 Blanco X3","CL-F190-PL12SW-A","107074,00","ARS","https://mla-s1-p.mlstatic.com/975004-MLA96079413852_102025-AB.jpg","https://insumosacuario.com.ar/hardware/coolers/cooler-thermaltake-ct120-ex-argb-sync-magforce-20-blanco-x3-200853.html","coolers"
"Ventiladores De Refrigeración Thermaltake Ct120 Ex Argb Sync - Pink","CL-F219-PL12PK-A","109052,00","ARS","https://mla-s1-p.mlstatic.com/667659-MLA96527790031_102025-AB.jpg","https://insumosacuario.com.ar/hardware/coolers/ventiladores-de-refrigeracion-thermaltake-ct120-ex-argb-sync-pink-200857.html","coolers"
"Cpu Cooler Thermax 6 Duo Pro 2xpwm Fans Real Time Monitoring","XYZ-THERMAK6PRODUO-BK","109139,00","ARS","https://mla-s1-p.mlstatic.com/647276-MLA92491026500_092025-AB.jpg","https://insumosacuario.com.ar/hardware/coolers/cpu-cooler-thermax-6-duo-pro-2xpwm-fans-real-time-monitoring-198234.html","coolers"
"Ventilador De Enfriamiento Thermaltake Ct140 Ex Argb Blanco - Blanco","CL-F195-PL14SW-A","111420,00","ARS","https://mla-s1-p.mlstatic.com/818152-MLA96078723978_102025-AB.jpg","https://insumosacuario.com.ar/hardware/coolers/ventilador-de-enfriamiento-thermaltake-ct140-ex-argb-blanco-blanco-200863.html","coolers"
"Ventilador De Refrigeración Thermaltake Ct120 Ex Argb Sync - Bumblebee","CL-F215-PL12BB-A","111535,00","ARS","https://mla-s1-p.mlstatic.com/866916-MLA96527561201_102025-AB.jpg","https://insumosacuario.com.ar/hardware/coolers/ventilador-de-refrigeracion-thermaltake-ct120-ex-argb-sync-bumblebee-200856.html","coolers"
"Cooler Cpu Aerocool Cylon 3h Argb 1200 115x Intel Amd Am4","AEROCOOLCYLON3H","112330,00","ARS","https://mla-s1-p.mlstatic.com/621315-MLA92899264103_092025-AB.jpg","https://insumosacuario.com.ar/hardware/coolers/cooler-cpu-aerocool-cylon-3h-argb-1200-115x-intel--amd-am4-155191.html","coolers"
"Combo Cooler Master Hyper 212 Argb+ Upgrade Kit 603005420-gp","COMBO-HYPER121-UPGRADEKIT","113817,00","ARS","https://mla-s1-p.mlstatic.com/939030-MLA92897873783_092025-AB.jpg","https://insumosacuario.com.ar/hardware/coolers/combo-cooler-master-hyper-212-argb+-upgrade-kit-603005420-gp-159414.html","coolers"
"Cooler Thermaltake Ct140 Ex Argb Sync Magforce 2.0 Blanco X3","CL-F191-PL14SW-A","114943,00","ARS","https://mla-s1-p.mlstatic.com/669021-MLA100075687277_122025-AB.jpg","https://insumosacuario.com.ar/hardware/coolers/cooler-thermaltake-ct140-ex-argb-sync-magforce-20-blanco-x3-196338.html","coolers"
"Cooler Cpu Watercooler Msi Mag Coreliquid A13 240 Argb 200w","306-CA11-L80","117267,00","ARS","https://mla-s1-p.mlstatic.com/826034-MLA99417433192_112025-AB.jpg","https://insumosacuario.com.ar/hardware/coolers/cooler-cpu-watercooler-msi-mag-coreliquid-a13-240-argb-200w-203792.html","coolers"
"Thermaltake Ct140 Ex Argb Magnetic Quick Connect Pwm - Pink","CL-F221-PL14PK-A","118726,00","ARS","https://mla-s1-p.mlstatic.com/773370-MLA96083653782_102025-AB.jpg","https://insumosacuario.com.ar/hardware/coolers/thermaltake-ct140-ex-argb-magnetic-quick-connect-pwm-pink-200859.html","coolers"
"Cooler Cpu Astria 400 Argb Black Thermaltake","CL-P120-CA12SW-A","100461,00","ARS","https://mla-s1-p.mlstatic.com/779514-MLA83308987877_032025-AB.jpg","https://insumosacuario.com.ar/hardware/coolers/cooler-cpu-astria-400-argb-black-thermaltake-196329.html","coolers"
"Thermaltake Ct140 Ex Argb Magnetic Quick Connect Pwm Fan - Bumblebee","CL-F217-PL14BB-A","122364,00","ARS","https://mla-s1-p.mlstatic.com/757494-MLA96084206804_102025-AB.jpg","https://insumosacuario.com.ar/hardware/coolers/thermaltake-ct140-ex-argb-magnetic-quick-connect-pwm-fan-bumblebee-200858.html","coolers"
"Refrigeración Líquida Msi Mag Coreliquid A13 240 Arg, Blanco","306-7ZWCA21-L80","122898,00","ARS","https://mla-s1-p.mlstatic.com/755854-MLA95052848398_102025-AB.jpg","https://insumosacuario.com.ar/hardware/coolers/refrigeracion-liquida-msi-mag-coreliquid-a13-240-arg-blanco-200285.html","coolers"
"Water Cooling Thermaltake Th120 V2 Argb Sync 120mm","TT-TH120V2ARGB-BK","126320,00","ARS","https://mla-s1-p.mlstatic.com/757062-MLA92492977462_092025-AB.jpg","https://insumosacuario.com.ar/hardware/coolers/water-cooling-thermaltake-th120-v2-argb-sync-120mm-190350.html","coolers"
"Enfriamiento Liquido Thermaltake Th120 V2 Argb Sync 120mm","TT-CL-W363-PL12SW-A","127461,00","ARS","https://mla-s1-p.mlstatic.com/731500-MLA92477234596_092025-AB.jpg","https://insumosacuario.com.ar/hardware/coolers/enfriamiento-liquido-thermaltake-th120-v2-argb-sync-120mm-194801.html","coolers"
"Enfriador De Agua Thermaltake La240 Black Argb 240 Mm","CL-W457-PL12SW-A","127779,00","ARS","https://mla-s1-p.mlstatic.com/964569-MLA96059152078_102025-AB.jpg","https://insumosacuario.com.ar/hardware/coolers/enfriador-de-agua-thermaltake-la240-black-argb-240-mm-200750.html","coolers"
"Water Cooler Cooler Master Master Liquid 240 Core Ii Argb","CM-ML240COREIIARGB-BK","131374,00","ARS","https://mla-s1-p.mlstatic.com/681883-MLA92469566822_092025-AB.jpg","https://insumosacuario.com.ar/hardware/coolers/water-cooler-cooler-master-master-liquid-240-core-ii-argb-198308.html","coolers"
"Watercooling Thermaltake Th120 V2 Sync All-in-one Argb","CL-W360-PL12SW-A","133453,00","ARS","https://mla-s1-p.mlstatic.com/858890-MLA96503973135_102025-AB.jpg","https://insumosacuario.com.ar/hardware/coolers/watercooling-thermaltake-th120-v2-sync-all-in-one-argb-200754.html","coolers"
"Disipador Cooler Cpu Thermaltake Astria 600 Argb Blanco - Blanco","CL-P139-CA12SW-A","133973,00","ARS","https://mla-s1-p.mlstatic.com/740508-MLA96069446480_102025-AB.jpg","https://insumosacuario.com.ar/hardware/coolers/disipador-cooler-cpu-thermaltake-astria-600-argb-blanco-blanco-200767.html","coolers"
"Refrigeración Líquida Redragon Ccw-1018 - 360 - Argb","REDR-CCW-1018","133987,00","ARS","https://mla-s1-p.mlstatic.com/835711-MLA92489046762_092025-AB.jpg","https://insumosacuario.com.ar/hardware/coolers/refrigeracion-liquida-redragon-ccw-1018---360---argb-199476.html","coolers"
"Water Cooler Masterliquid 240 Core Ii White Edition","CM-ML240COREII-WH","136903,00","ARS","https://mla-s1-p.mlstatic.com/641272-MLA92915370827_092025-AB.jpg","https://insumosacuario.com.ar/hardware/coolers/water-cooler-masterliquid-240-core-ii-white-edition-198312.html","coolers"
"Enfriador De Agua Negro Thermaltake La360 Argb 360 Mm - Negro","CL-W459-PL12SW-A","143458,00","ARS","https://mla-s1-p.mlstatic.com/611320-MLA96503362965_102025-AB.jpg","https://insumosacuario.com.ar/hardware/coolers/enfriador-de-agua-negro-thermaltake-la360-argb-360-mm-negro-200753.html","coolers"
"Gabinete Gamer Naxido X500 Rgb Negro Atx - Sin Coolers","NAXIDO-X500BK","34493,00","ARS","https://mla-s1-p.mlstatic.com/799896-MLA92897871645_092025-AB.jpg","https://insumosacuario.com.ar/hardware/gabinetes/gabinete-gamer-naxido-x500-rgb-negro-atx---sin-coolers-164549.html","gabinetes"
"Gabinete Gamer Aerocool Tomahawk - A Rgb Mid Tower Belgrano","AEROOCOLTOMAHAWK-A","44932,00","ARS","https://mla-s1-p.mlstatic.com/643575-MLA44029850750_112020-AB.jpg","https://insumosacuario.com.ar/hardware/gabinetes/gabinete-gamer-aerocool-tomahawk-a-rgb-mid-tower-belgrano-139433.html","gabinetes"
"Gabinete Aerocool Delta-g-bk-v1 Mid Tower C/ 1 Cooler 120mm Rgb Acuario","AEROCOOL-DELTA-G-BK-V1","50592,00","ARS","https://mla-s1-p.mlstatic.com/776857-MLA92502444112_092025-AB.jpg","https://insumosacuario.com.ar/hardware/gabinetes/gabinete-aerocool-delta-g-bk-v1-mid-tower-c--1-cooler-120mm-rgb-acuario-160276.html","gabinetes"
"Gabinete Kit Para Pc Jalatec Jt-k80 Led Strip + Teclado Mouse y Parlantes RGB","JALATEC-JK-K80-520W","58100,00","ARS","https://mla-s1-p.mlstatic.com/919066-MLA92527004364_092025-AB.jpg","https://insumosacuario.com.ar/hardware/gabinetes/gabinete-kit--para-pc-jalatec-jt-k80-led-strip-+-teclado-mouse-y-parlantes-rgb-195879.html","gabinetes"
"Gabinete Aerocool Bionic V2 Mid Tower C/ 1 Cooler 120mm Rgb Acuario","AEROCOOLBIONIC-G-BK-V2","58432,00","ARS","https://mla-s1-p.mlstatic.com/799866-MLA94402563290_102025-AB.jpg","https://insumosacuario.com.ar/hardware/gabinetes/gabinete-aerocool-bionic-v2-mid-tower-c---1-cooler-120mm-rgb-acuario-153350.html","gabinetes"
"Gabinete Gamer Cougar Mx110 Rgb 4 FAN Ventiladores Coolers Incluidos Color Negro","382BD20.0001","43430,00","ARS","https://mla-s1-p.mlstatic.com/900225-MLA95392543250_102025-AB.jpg","https://insumosacuario.com.ar/hardware/gabinetes/gabinete-gamer-cougar-mx110-rgb-4-fan-ventiladores-coolers-incluidos-color-negro-202754.html","gabinetes"
"Gabinete Xyz Atom White C/ 3 Coolers Pulsar A-RGB+PWM A-RGB Controller","XYZ-ATOM-WH","60366,00","ARS","https://mla-s1-p.mlstatic.com/665459-MLA92846500875_092025-AB.jpg","https://insumosacuario.com.ar/hardware/gabinetes/gabinete-xyz-atom-white-c--3-coolers-pulsar-a-rgb+pwm-a-rgb-controller-198216.html","gabinetes"
"Gabinete Gamer Xyz Titanium Lite Argb Vidrio Panoramico","XYZTITANIUMLITE-BK","60568,00","ARS","https://mla-s1-p.mlstatic.com/981647-MLA92846361279_092025-AB.jpg","https://insumosacuario.com.ar/hardware/gabinetes/gabinete-gamer-xyz-titanium-lite-argb-vidrio-panoramico-196740.html","gabinetes"
"Gabinete Gamer Airone 200 Glass White Atx Tempered Glass","XYZ-AIRONE200-WH","61998,00","ARS","https://mla-s1-p.mlstatic.com/838730-MLA92847772927_092025-AB.jpg","https://insumosacuario.com.ar/hardware/gabinetes/gabinete-gamer-airone-200-glass-white-atx-tempered-glass-197541.html","gabinetes"
"Gabinete Xyz Xyz Airone 300 Glass Atx 6 Fans Argb","XYZ-AIRONE300GLASS-BKWH","63240,00","ARS","https://mla-s1-p.mlstatic.com/993038-MLA92847709951_092025-AB.jpg","https://insumosacuario.com.ar/hardware/gabinetes/gabinete-xyz-xyz-airone-300-glass-atx-6-fans-argb-197546.html","gabinetes"
"Gabinete Aerocool Mecha-g-bk-v2 Mid Tower Black C/ 1 Cooler 120 mm Rgb","AEROCOOL-MECHA-G-BK-V2","63442,00","ARS","https://mla-s1-p.mlstatic.com/881714-MLA92920799483_092025-AB.jpg","https://insumosacuario.com.ar/hardware/gabinetes/gabinete-aerocool-mecha-g-bk-v2-mid-tower-black-c--1-cooler-120-mm-rgb-163825.html","gabinetes"
"Gabinete Gamer Jalatec Jt-x94b Atx Argb","JALATEC-JT-X94B","65405,00","ARS","https://mla-s1-p.mlstatic.com/726567-MLA92884875701_092025-AB.jpg","https://insumosacuario.com.ar/hardware/gabinetes/gabinete-gamer-jalatec-jt-x94b-atx-argb-195881.html","gabinetes"
"Gabinete Gamer Solarmax Cm-w8202s Con Pantalla Blanco Blanco","SOLARMAX-CM-W8202S","67051,00","ARS","https://mla-s1-p.mlstatic.com/642983-MLA115042742822_082026-AB.jpg","https://insumosacuario.com.ar/hardware/gabinetes/gabinete-gamer-solarmax-cm-w8202s-con-pantalla-blanco-blanco-214418.html","gabinetes"
"Gabinete Gamer Cougar Airface Pure Rgb White Blanco 4 Fan Cooler Rgb 120mm","382GA50.0002","64308,00","ARS","https://mla-s1-p.mlstatic.com/920642-MLA94179975734_102025-AB.jpg","https://insumosacuario.com.ar/hardware/gabinetes/gabinete-gamer-cougar-airface-pure-rgb-white-blanco-4-fan-cooler-rgb-120mm-202745.html","gabinetes"
"Gabinete Para Computadora De Escritorio Thermaltake S100 Ca-1q9-00s1wn-00 Ca-1q9-00s1wn-00 Negro","CA-1Q9-00S1WN-0","74285,00","ARS","https://mla-s1-p.mlstatic.com/655198-MLA99909372939_112025-AB.jpg","https://insumosacuario.com.ar/hardware/gabinetes/gabinete-para-computadora-de-escritorio-thermaltake-s100-ca-1q9-00s1wn-00-ca-1q9-00s1wn-00-negro-196268.html","gabinetes"
"Gabinete Gamer Solarmax Cm-b8202s Con Pantalla Negro Negro","SOLARMAX-CM-B8202S","62749,00","ARS","https://mla-s1-p.mlstatic.com/688070-MLA115043656098_082026-AB.jpg","https://insumosacuario.com.ar/hardware/gabinetes/gabinete-gamer-solarmax-cm-b8202s-con-pantalla-negro-negro-214416.html","gabinetes"
"Gabinete Gamer Solarmax Cm-b930 3 Coolers 120mm Fan Argb","SOLARMAXCM-B930","58634,00","ARS","https://mla-s1-p.mlstatic.com/630682-MLA92853086399_092025-AB.jpg","https://insumosacuario.com.ar/hardware/gabinetes/gabinete-gamer-solarmax-cm-b930-3-coolers-120mm-fan-argb-190384.html","gabinetes"
"Gabinete Gamer Cooler Master Cmp 320 2x120mm Argb","COOLERMASTER-CP320-KGNN-S","83020,00","ARS","https://mla-s1-p.mlstatic.com/811166-MLA92893230083_092025-AB.jpg","https://insumosacuario.com.ar/hardware/gabinetes/gabinete-gamer-cooler-master-cmp-320-2x120mm-argb-162983.html","gabinetes"
"Gabinete Thermaltake View 170 Tg Argb Snow Micro Argb Fan 120mm X 3","TT-CA-1Z4-00M6WN-00","83958,00","ARS","https://mla-s1-p.mlstatic.com/688904-MLA92891842781_092025-AB.jpg","https://insumosacuario.com.ar/hardware/gabinetes/gabinete-thermaltake-view-170-tg-argb-snow-micro-argb-fan-120mm-x-3-194792.html","gabinetes"
"Gabinete Gamer Jalatec Jt-ks31 Argb 3 Fan 120mm Argb c/Control","JALATEC-JT-KS31","94672,00","ARS","https://mla-s1-p.mlstatic.com/642440-MLA92509692488_092025-AB.jpg","https://insumosacuario.com.ar/hardware/gabinetes/gabinete-gamer-jalatec-jt-ks31-argb-3-fan-120mm-argb-c-control-195883.html","gabinetes"
"Gabinete Gamer Adata Xpg Cruiser Black / 3 Ventiladores 120mm Rgb","XPG-CRUISERST-BKCWW","96953,00","ARS","https://mla-s1-p.mlstatic.com/960113-MLA92482384004_092025-AB.jpg","https://insumosacuario.com.ar/hardware/gabinetes/gabinete-gamer-adata-xpg-cruiser-black---3-ventiladores-120mm-rgb-163647.html","gabinetes"
"Gabinete Gamer Asus A21 Micro Atx Mesh Color Blanco S/ Coolers.","ASUS-A21-WH","98541,00","ARS","https://mla-s1-p.mlstatic.com/928651-MLA92903592003_092025-AB.jpg","https://insumosacuario.com.ar/hardware/gabinetes/gabinete-gamer-asus-a21-micro-atx-mesh-color-blanco-s--coolers.-189788.html","gabinetes"
"Gabinete Jalatec Jt-z76 Gaming Case Con Controladora Blanco","JALACTEC-JT-Z76","105197,00","ARS","https://mla-s1-p.mlstatic.com/614229-MLA95054998748_102025-AB.jpg","https://insumosacuario.com.ar/hardware/gabinetes/gabinete-jalatec-jt-z76-gaming-case-con-controladora-blanco-200289.html","gabinetes"
"Gabinete S200 Plus Tg Argb Snow White Mesh Thermaltake","CA-1X2-00M6WN-01","109312,00","ARS","https://mla-s1-p.mlstatic.com/613888-MLA92878771297_092025-AB.jpg","https://insumosacuario.com.ar/hardware/gabinetes/gabinete-s200-plus-tg-argb-snow-white-mesh-thermaltake-195863.html","gabinetes"
"Gabinete S200 Plus Tg Argb Black Mesh Thermaltake","CA-1X2-00M1WN-01","106121,00","ARS","https://mla-s1-p.mlstatic.com/903075-MLA92894472805_092025-AB.jpg","https://insumosacuario.com.ar/hardware/gabinetes/gabinete-s200-plus-tg-argb-black-mesh-thermaltake-195862.html","gabinetes"
"Gabinete Thermaltake Tt View 170 Tg X2 Fan Argb Fan 120mm X 3","TT-CA-1Z4-00M1WN-00","83958,00","ARS","https://mla-s1-p.mlstatic.com/815492-MLA92529948330_092025-AB.jpg","https://insumosacuario.com.ar/hardware/gabinetes/gabinete-thermaltake-tt-view-170-tg-x2-fan-argb-fan-120mm-x-3-193568.html","gabinetes"
"Gabinete Cooler Master Masterbox 520 Mesh Vidrio Temp Blanco","COOLERMASTER-MASTERBOX520","122624,00","ARS","https://mla-s1-p.mlstatic.com/699939-MLA92512171168_092025-AB.jpg","https://insumosacuario.com.ar/hardware/gabinetes/gabinete-cooler-master-masterbox-520-mesh-vidrio-temp-blanco-165792.html","gabinetes"
"Gabinete Xyz Titanium View X-cs-titanium300-b C/ 4 AURAX 120mm A-rgb+PWM","XYZ-TITANIUMVIEW-BK","126277,00","ARS","https://mla-s1-p.mlstatic.com/866493-MLA92845662087_092025-AB.jpg","https://insumosacuario.com.ar/hardware/gabinetes/gabinete-xyz-titanium-view-x-cs-titanium300-b-c--4-aurax-120mm--a-rgb+pwm-198198.html","gabinetes"
"Gabinete Gamer Thermaltake View 270 Plus Tg Argb Snow White - Negro","CA-1Y7-00M6WN-01","131085,00","ARS","https://mla-s1-p.mlstatic.com/905002-MLA96519397325_102025-AB.jpg","https://insumosacuario.com.ar/hardware/gabinetes/gabinete-gamer-thermaltake-view-270-plus-tg-argb-snow-white-negro-200787.html","gabinetes"
"Gabinete Xyz Tesseract X C/ 7 Coolers PULSAR A-RGB+PWM Argb Controler","XYZ-TESSERACT-X-WH","131605,00","ARS","https://mla-s1-p.mlstatic.com/910863-MLA92846668503_092025-AB.jpg","https://insumosacuario.com.ar/hardware/gabinetes/gabinete-xyz-tesseract-x-c--7--coolers-pulsar-a-rgb+pwm-argb-controler-198204.html","gabinetes"
"Gabinete Xyz Trifecta C/ 2 Coolers Vortex A-RGB+PWM Argb Controller","XYZ-TRIFECTA-BK","138087,00","ARS","https://mla-s1-p.mlstatic.com/773704-MLA92848592119_092025-AB.jpg","https://insumosacuario.com.ar/hardware/gabinetes/gabinete-xyz-trifecta-c--2-coolers-vortex-a-rgb+pwm--argb-controller-198208.html","gabinetes"
"Gabinete Gamer Solarmax Cm-b950s Full View Display 4 Fans","SOLARMAX-CM-W950S","121122,00","ARS","https://mla-s1-p.mlstatic.com/985056-MLA92918045529_092025-AB.jpg","https://insumosacuario.com.ar/hardware/gabinetes/gabinete-gamer-solarmax-cm-b950s-full-view-display-4-fans-199936.html","gabinetes"
"Gabinete Thermaltake V150 Tg Vidrio Templado 2 Coolers 120mm","THERMALGABV150TG","147731,00","ARS","https://mla-s1-p.mlstatic.com/881027-MLA92851631923_092025-AB.jpg","https://insumosacuario.com.ar/hardware/gabinetes/gabinete-thermaltake-v150-tg-vidrio-templado-2-coolers-120mm-141540.html","gabinetes"
"Gabinete Xyz Qubex Black C/ 4 Coolers Pulsar A-RGB+PWM A-RGB Controller","XYZ-QUBEX-BK","149652,00","ARS","https://mla-s1-p.mlstatic.com/761767-MLA92846580827_092025-AB.jpg","https://insumosacuario.com.ar/hardware/gabinetes/gabinete-xyz-qubex-black--c--4-coolers-pulsar-a-rgb+pwm-a-rgb-controller-198210.html","gabinetes"
"Gabinete Xyz Trifecta C/ 2 Coolers Vortex A-rgb+PWM A-rgb Controller","XYZ-TRIFECTA-WH","159976,00","ARS","https://mla-s1-p.mlstatic.com/826436-MLA92933040059_092025-AB.jpg","https://insumosacuario.com.ar/hardware/gabinetes/gabinete-xyz-trifecta-c--2-coolers-vortex-a-rgb+pwm-a-rgb-controller-198207.html","gabinetes"
"Ceres 330 Tg Argb Snow Mid Tower El Estuche E-atx Admite La","CA-1Y2-00M6WN-01","171498,00","ARS","https://mla-s1-p.mlstatic.com/784927-MLA92512541702_092025-AB.jpg","https://insumosacuario.com.ar/hardware/gabinetes/ceres-330-tg-argb-snow-mid-tower-el-estuche-e-atx-admite-la-199098.html","gabinetes"
"Gabinete Asus Prime Ap201 Usb 3.1 Tipo C Micro Atx","ASUSAP201PRIMEBK","174082,00","ARS","https://mla-s1-p.mlstatic.com/863945-MLA71084726924_082023-AB.jpg","https://insumosacuario.com.ar/hardware/gabinetes/gabinete-asus-prime-ap201-usb-3.1-tipo-c-micro-atx-162541.html","gabinetes"
"Gabinete Gamer Corsair 2500x Dos Cámaras Semitorre Blanco","CC-9011266-WW","176970,00","ARS","https://mla-s1-p.mlstatic.com/993040-MLA92487577686_092025-AB.jpg","https://insumosacuario.com.ar/hardware/gabinetes/gabinete-gamer-corsair-2500x-dos-camaras-semitorre-blanco-191249.html","gabinetes"
"Gabinete Thermaltake Divider 170 Tg C/ 2 Coolers 120mm Argb Negro Micro Tower","TTDIVIDER170-BK","181214,00","ARS","https://mla-s1-p.mlstatic.com/863351-MLA92523128808_092025-AB.jpg","https://insumosacuario.com.ar/hardware/gabinetes/gabinete-thermaltake-divider-170-tg-c--2-coolers-120mm-argb-negro-micro-tower-190328.html","gabinetes"
"Gabinete Asus Prime Ap201 Usb 3.1 Tipo C Blanco Micro Atx","ASUSAP201PRIMEW","186788,00","ARS","https://mla-s1-p.mlstatic.com/788972-MLA71084929228_082023-AB.jpg","https://insumosacuario.com.ar/hardware/gabinetes/gabinete-asus-prime-ap201-usb-3.1-tipo-c-blanco-micro-atx-162542.html","gabinetes"
"Gabinete Gamer Corsair 4000x Icue C/ 3 Coolers 120mm Rgb Mid Tower Acuario","CC-9011205-WW","187856,00","ARS","https://mla-s1-p.mlstatic.com/849417-MLA92507304356_092025-AB.jpg","https://insumosacuario.com.ar/hardware/gabinetes/gabinete-gamer-corsair-4000x-icue-c--3-coolers-120mm-rgb-mid-tower-acuario-191670.html","gabinetes"
"Gabinete Solarmax Cm-w600l 4x Fan Argb Pantalla Lcd 11.3 Blanco","SOLARMAX-CM-W600L","190222,00","ARS","https://mla-s1-p.mlstatic.com/842219-MLA101191757229_122025-AB.jpg","https://insumosacuario.com.ar/hardware/gabinetes/gabinete-solarmax-cm-w600l-4x-fan-argb-pantalla-lcd-113-blanco-206539.html","gabinetes"
"Gabinete Xyz Tesseract C/ 4 Coolers Vortex A-RGB PWM A-RGB Controller","XYZ-TESSERACT-ARGB-WH","201082,00","ARS","https://mla-s1-p.mlstatic.com/988768-MLA92845724053_092025-AB.jpg","https://insumosacuario.com.ar/hardware/gabinetes/gabinete-xyz-tesseract-c--4-coolers-vortex-a-rgb-pwm-a-rgb-controller-198214.html","gabinetes"
"Gabinete Xyz Quantum Black Panoramic C/4 Coolers Vortex A-RGB+PWM A-RGB Controller","XYZ-QUANTUM-BK-PANORAMIC","205009,00","ARS","https://mla-s1-p.mlstatic.com/960859-MLA92438243160_092025-AB.jpg","https://insumosacuario.com.ar/hardware/gabinetes/gabinete-xyz-quantum-black-panoramic-c-4-coolers-vortex-a-rgb+pwm-a-rgb-controller-198238.html","gabinetes"
"Gabinete Xyz Quantum White Panoramic C/4 Coolers Vortex A-RGB+PWM A-RGB Controller","XYZ-QUANTUM-WH-PANORAMIC","205644,00","ARS","https://mla-s1-p.mlstatic.com/975694-MLA92471891372_092025-AB.jpg","https://insumosacuario.com.ar/hardware/gabinetes/gabinete-xyz-quantum-white-panoramic-c-4-coolers-vortex-a-rgb+pwm-a-rgb-controller-198246.html","gabinetes"
"Armario Cooler Master Td500 Mesh V2 Con 3 Ventiladores Argb","TD500V2-WGNN-S00","176147,00","ARS","https://mla-s1-p.mlstatic.com/742015-MLA92892249457_092025-AB.jpg","https://insumosacuario.com.ar/hardware/gabinetes/armario-cooler-master-td500-mesh-v2-con-3-ventiladores-argb-196391.html","gabinetes"
"Gabinete Solarmax Cm-b600l 4x Fan Argb Pantalla Lcd 11.3 Negro","SOLARMAX-CM-B600L","181373,00","ARS","https://mla-s1-p.mlstatic.com/978152-MLA100696444054_122025-AB.jpg","https://insumosacuario.com.ar/hardware/gabinetes/gabinete-solarmax-cm-b600l-4x-fan-argb-pantalla-lcd-113-negro-206540.html","gabinetes"
"Pasta Térmica Tt Thermaltake Grasa Tg7 4g - Cl-o004-grosgm-a - Haze Crush Silver","CL-O004-GROSGM-A","19261,00","ARS","https://mla-s1-p.mlstatic.com/687814-MLA93499224431_092025-AB.jpg","https://insumosacuario.com.ar/hardware/pasta-termica/pasta-termica-tt-thermaltake-grasa-tg7-4g-cl-o004-grosgm-a-haze-crush-silver-200865.html","pasta-termica"
"Pasta Termica Thermal Grease Cooler Master Cryofuze 5 - Red","CM-CRYOFUZE5RED","19954,00","ARS","https://mla-s1-p.mlstatic.com/757962-MLA92474523062_092025-AB.jpg","https://insumosacuario.com.ar/hardware/pasta-termica/pasta-termica-thermal-grease-cooler-master-cryofuze-5-red-193275.html","pasta-termica"
"Pasta Termica Corsair (ct-9010015-ww) Xtm60 Color Negro","CT-9010015-W","23448,00","ARS","https://mla-s1-p.mlstatic.com/913408-MLA92467894680_092025-AB.jpg","https://insumosacuario.com.ar/hardware/pasta-termica/pasta-termica-corsair-ct-9010015-ww-xtm60-color-negro-197706.html","pasta-termica"
"Grasa Termica Cooler Master Cryofuze 7 4gr","MGZ-NDSG-N04G-R1","26754,00","ARS","https://mla-s1-p.mlstatic.com/823041-MLA92932579435_092025-AB.jpg","https://insumosacuario.com.ar/hardware/pasta-termica/grasa-termica-cooler-master-cryofuze-7-4gr-199135.html","pasta-termica"
"Pasta Termica Corsair Xtm70 De Alto Rendimiento Color Negro Negro","CT-9010010-WW","52454,00","ARS","https://mla-s1-p.mlstatic.com/933403-MLA99444626948_112025-AB.jpg","https://insumosacuario.com.ar/hardware/pasta-termica/pasta-termica-corsair-xtm70-de-alto-rendimiento-color-negro-negro-202155.html","pasta-termica"
"Disco Sólido SSD M.2 Foresse 128GB 2000MB/s NVMe PCI-E Gen3 x4 Bulk +q 120gb","FSB0C128G-B7C7200","30999,00","ARS","https://mla-s1-p.mlstatic.com/744271-MLA99258458526_112025-AB.jpg","https://insumosacuario.com.ar/hardware/discos-solidos-pci-e-m2/disco-solido-ssd-m.2-foresse-128gb-2000mb-s-nvme-pci-e-gen3-x4-bulk-+q-120gb-201228.html","discos-solidos-pci-e-m2"
"Disco Sólido SSD M.2 Foresse 128GB 2000MB/s NVMe PCI-E Gen3 x4 Bulk +q 120gb","OEM-FSB0C128G-B7C7200","55356,00","ARS","https://mla-s1-p.mlstatic.com/842372-MLA102760236064_122025-AB.jpg","https://insumosacuario.com.ar/hardware/discos-solidos-pci-e-m2/disco-solido-ssd-m.2-foresse-128gb-2000mb-s-nvme-pci-e-gen3-x4-bulk-+q-120gb-201670.html","discos-solidos-pci-e-m2"
"Disco Sólido SSD M.2 Patriot 500GB P400 Lite 4200MB/s NVMe PCI-E Gen4 x4 +q 480gb","P400LP500GM28H","160770,00","ARS","https://mla-s1-p.mlstatic.com/803123-MLA97224269715_112025-AB.jpg","https://insumosacuario.com.ar/hardware/discos-solidos-pci-e-m2/disco-solido-ssd-m.2-patriot-500gb-p400-lite-4200mb-s-nvme-pci-e-gen4-x4-+q-480gb-204810.html","discos-solidos-pci-e-m2"
"Disco Sólido SSD M.2 Patriot 512GB P300 1700MB/s NVMe PCI-E Gen3 x4 +q 480 +q 500gb","PE000691-P300P512GM28","150779,00","ARS","https://mla-s1-p.mlstatic.com/860659-MLA92512582288_092025-AB.jpg","https://insumosacuario.com.ar/hardware/discos-solidos-pci-e-m2/disco-solido-ssd-m.2-patriot-512gb-p300-1700mb-s-nvme-pci-e-gen3-x4-+q-480-+q-500gb-161557.html","discos-solidos-pci-e-m2"
"Ssd M.2 Nvme 512gb G3 Hiksemi Wave","213102","172797,00","ARS","https://www.air-intra.com/imgart/213102.jpg","https://insumosacuario.com.ar/hardware/discos-solidos-pci-e-m2/ssd-m.2-nvme-512gb-g3-hiksemi-wave-213400.html","discos-solidos-pci-e-m2"
"Disco Sólido SSD M.2 Western Digital 500GB Green SN350 2400MB/s NVMe PCI-E Gen3 x4 +q 480gb","WDS500G2G0C","170819,00","ARS","https://mla-s1-p.mlstatic.com/952092-MLA92441086664_092025-AB.jpg","https://insumosacuario.com.ar/hardware/discos-solidos-pci-e-m2/disco-solido-ssd-m.2-western-digital-500gb-green-sn350-2400mb-s-nvme-pci-e-gen3-x4-+q-480gb-193440.html","discos-solidos-pci-e-m2"
"Disco Sólido SSD M.2 ADATA 500GB Legend 860 5000MB/s NVMe PCI-E Gen4 x4 +q 480gb","SLEG-860-500GCS","184478,00","ARS","https://microglobalpromos.com.ar/2025/img/062025/SLEG-860-500GCS_01.jpg","https://insumosacuario.com.ar/hardware/discos-solidos-pci-e-m2/disco-solido-ssd-m.2-adata-500gb-legend-860-5000mb-s-nvme-pci-e-gen4-x4-+q-480gb-199753.html","discos-solidos-pci-e-m2"
"Disco Sólido SSD M.2 Lexar 512GB NM620 3300MB/s NVMe PCI-E Gen3 x4 +q 480 +q 500gb","LNM620X512G-RNNNU","191884,00","ARS","https://mla-s1-p.mlstatic.com/865655-MLA74163650341_012024-AB.jpg","https://insumosacuario.com.ar/hardware/discos-solidos-pci-e-m2/disco-solido-ssd-m.2-lexar-512gb-nm620-3300mb-s-nvme-pci-e-gen3-x4-+q-480-+q-500gb-161860.html","discos-solidos-pci-e-m2"
"Disco Sólido SSD M.2 Puskill 1TB 2000MB/s NVMe PCI-E Gen3 x4 Disipador +q 960gb","PSK-M2SSDP34-1024G","236527,00","ARS","https://mla-s1-p.mlstatic.com/730304-MLA73217792418_122023-AB.jpg","https://insumosacuario.com.ar/hardware/discos-solidos-pci-e-m2/disco-solido-ssd-m.2-puskill-1tb-2000mb-s-nvme-pci-e-gen3-x4-disipador-+q-960gb-212151.html","discos-solidos-pci-e-m2"
"Ssd 960gb Adata Su630 Blister","48255","270292,00","ARS","https://www.air-intra.com/imgart/48255.jpg","https://insumosacuario.com.ar/hardware/discos-solidos-pci-e-m2/ssd-960gb-adata-su630-blister-213503.html","discos-solidos-pci-e-m2"
"Disco Sólido SSD M.2 Western Digital 1TB Green SN3000 5000MB/s NVMe PCI-E Gen4 x4 +q 960gb","WDS100T4G0E","272551,00","ARS","https://mla-s1-p.mlstatic.com/923012-MLA94077736593_102025-AB.jpg","https://insumosacuario.com.ar/hardware/discos-solidos-pci-e-m2/disco-solido-ssd-m.2-western-digital-1tb-green-sn3000-5000mb-s-nvme-pci-e-gen4-x4-+q-960gb-202206.html","discos-solidos-pci-e-m2"
"Disco Sólido SSD M.2 Kingston 1TB NV3 6000MB/s NVMe PCI-E Gen4 x4 +q 960gb","SNV3S/1000G","273287,00","ARS","https://mla-s1-p.mlstatic.com/798630-MLA92847898719_092025-AB.jpg","https://insumosacuario.com.ar/hardware/discos-solidos-pci-e-m2/disco-solido-ssd-m.2-kingston-1tb-nv3-6000mb-s-nvme-pci-e-gen4-x4-+q-960gb-191581.html","discos-solidos-pci-e-m2"
"Disco Sólido SSD M.2 Patriot 1TB P410 4900MB/s NVMe PCI-E Gen4 x4 +q 960gb","P410P1TBM28H","276377,00","ARS","https://mla-s1-p.mlstatic.com/606140-MLA111227855891_052026-AB.jpg","https://insumosacuario.com.ar/hardware/discos-solidos-pci-e-m2/disco-solido-ssd-m.2-patriot-1tb-p410-4900mb-s-nvme-pci-e-gen4-x4-+q-960gb-204834.html","discos-solidos-pci-e-m2"
"Disco Sólido SSD M.2 Lexar 1TB NM610 Pro 3300MB/s NVMe PCI-E Gen3 x4 +q 960gb","LNM610P001T-RNNNG","242693,00","ARS","https://mla-s1-p.mlstatic.com/797792-MLA92149228001_092025-AB.jpg","https://insumosacuario.com.ar/hardware/discos-solidos-pci-e-m2/disco-solido-ssd-m.2-lexar-1tb-nm610-pro-3300mb-s-nvme-pci-e-gen3-x4-+q-960gb-208652.html","discos-solidos-pci-e-m2"
"Ssd M.2 Nvme 500gb G4 Wd Black Sn770 2230","215451","285854,00","ARS","https://www.air-intra.com/imgart/215451.jpg","https://insumosacuario.com.ar/hardware/discos-solidos-pci-e-m2/ssd-m.2-nvme-500gb-g4-wd-black-sn770-2230-213442.html","discos-solidos-pci-e-m2"
"Disco Sólido SSD M.2 SanDisk 1TB SSD Plus 3200MB/s NVMe PCI-E Gen3 x4 +q 960gb","SDSSDA3N-1T00-G26","287812,00","ARS","https://mla-s1-p.mlstatic.com/936358-MLA92847769531_092025-AB.jpg","https://insumosacuario.com.ar/hardware/discos-solidos-pci-e-m2/disco-solido-ssd-m.2-sandisk-1tb-ssd-plus-3200mb-s-nvme-pci-e-gen3-x4-+q-960gb-199576.html","discos-solidos-pci-e-m2"
"Disco Sólido SSD M.2 Crucial 1TB P3 Plus 5000MB/s NVMe PCI-E Gen4 x4 +q 960gb","CT1000P3PSSD8","294237,00","ARS","https://mla-s1-p.mlstatic.com/967162-MLA74118280750_012024-AB.jpg","https://insumosacuario.com.ar/hardware/discos-solidos-pci-e-m2/disco-solido-ssd-m.2-crucial-1tb-p3-plus-5000mb-s-nvme-pci-e-gen4-x4-+q-960gb-158573.html","discos-solidos-pci-e-m2"
"Disco Sólido SSD M.2 Lexar 1TB NQ780 6500MB/s NVMe PCI-E Gen4 x4 +q 960gb","LNQ780X001T-RNNNG","296850,00","ARS","https://mla-s1-p.mlstatic.com/751222-MLA95787704300_102025-AB.jpg","https://insumosacuario.com.ar/hardware/discos-solidos-pci-e-m2/disco-solido-ssd-m.2-lexar-1tb-nq780-6500mb-s-nvme-pci-e-gen4-x4-+q-960gb-200636.html","discos-solidos-pci-e-m2"
"Disco Sólido SSD M.2 Western Digital 1TB Green SN350 2400MB/s NVMe PCI-E Gen3 x4 +q 960gb","WDS100T2G0C","300229,00","ARS","https://mla-s1-p.mlstatic.com/865165-MLA92849287561_092025-AB.jpg","https://insumosacuario.com.ar/hardware/discos-solidos-pci-e-m2/disco-solido-ssd-m.2-western-digital-1tb-green-sn350-2400mb-s-nvme-pci-e-gen3-x4-+q-960gb-189916.html","discos-solidos-pci-e-m2"
"Disco Sólido SSD M.2 ADATA 1TB Legend 860 6000MB/s NVMe PCI-E Gen4 x4 +q 960gb","SLEG-860-1000GCS","305903,00","ARS","https://microglobalpromos.com.ar/2025/img/062025/SLEG-860-1000GCS_01.jpg","https://insumosacuario.com.ar/hardware/discos-solidos-pci-e-m2/disco-solido-ssd-m.2-adata-1tb-legend-860-6000mb-s-nvme-pci-e-gen4-x4-+q-960gb-199752.html","discos-solidos-pci-e-m2"
"Ssd 960gb Kingston A400 Sataiii 2.5","36553","307420,00","ARS","https://www.air-intra.com/imgart/36553.jpg","https://insumosacuario.com.ar/hardware/discos-solidos-pci-e-m2/ssd-960gb-kingston-a400-sataiii-2.5-213496.html","discos-solidos-pci-e-m2"
"Disco Sólido SSD M.2 SanDisk 1TB Extreme 5150MB/s NVMe PCI-E Gen4 x4 +q 960gb","SDSSDX3N-1T00-G26","364421,00","ARS","https://mla-s1-p.mlstatic.com/768335-MLA92509211922_092025-AB.jpg","https://insumosacuario.com.ar/hardware/discos-solidos-pci-e-m2/disco-solido-ssd-m.2-sandisk-1tb-extreme-5150mb-s-nvme-pci-e-gen4-x4-+q-960gb-196461.html","discos-solidos-pci-e-m2"
"Disco Sólido SSD M.2 Crucial 1TB P310 7100MB/s NVMe PCI-E Gen4 x4 +q 960gb","CT1000P310SSD8","310004,00","ARS","https://mla-s1-p.mlstatic.com/818588-MLA92907474863_092025-AB.jpg","https://insumosacuario.com.ar/hardware/discos-solidos-pci-e-m2/disco-solido-ssd-m.2-crucial-1tb-p310-7100mb-s-nvme-pci-e-gen4-x4-+q-960gb-193722.html","discos-solidos-pci-e-m2"
"Disco Sólido SSD M.2 ADATA XPG 1TB Gammix S70 Blade 7400MB/s NVMe PCI-E Gen4 x4 +q 960gb","ADATA-AGAMMIXS70B-1T-CS","349001,00","ARS","https://mla-s1-p.mlstatic.com/909232-MLA92918908989_092025-AB.jpg","https://insumosacuario.com.ar/hardware/discos-solidos-pci-e-m2/disco-solido-ssd-m.2-adata-xpg-1tb-gammix-s70-blade-7400mb-s-nvme-pci-e-gen4-x4-+q-960gb-194308.html","discos-solidos-pci-e-m2"
"Disco Sólido SSD M.2 2230 Corsair 1TB MP600 Mini 4800MB/s NVMe PCI-E Gen4 x4 +q 960gb","CSSD-F1000GBMP600MNR2","375149,00","ARS","https://mla-s1-p.mlstatic.com/847529-MLA94983916359_102025-AB.jpg","https://insumosacuario.com.ar/hardware/discos-solidos-pci-e-m2/disco-solido-ssd-m.2-2230-corsair-1tb-mp600-mini-4800mb-s-nvme-pci-e-gen4-x4-+q-960gb-200239.html","discos-solidos-pci-e-m2"
"Disco Sólido SSD M.2 Patriot 1TB Viper VP4300 Lite 7400MB/s NVMe PCI-E Gen4 x4 +q 960gb","PATRIOT-VP4300L1TBM","383740,00","ARS","https://mla-s1-p.mlstatic.com/649764-MLA89292392009_082025-AB.jpg","https://insumosacuario.com.ar/hardware/discos-solidos-pci-e-m2/disco-solido-ssd-m.2-patriot-1tb-viper-vp4300-lite-7400mb-s-nvme-pci-e-gen4-x4-+q-960gb-167024.html","discos-solidos-pci-e-m2"
"Disco Solido Ssd M2 Nvme 512gb G4 Kingston Kc3000","51341","396878,00","ARS","https://cdn.insumosacuario.com.ar/thumb_10-08-2026-05-08-51_ktc-product-ssd-kc3000-512gb-3-zm-lg.webp","https://insumosacuario.com.ar/hardware/discos-solidos-pci-e-m2/disco-solido-ssd-m2-nvme-512gb-g4-kingston-kc3000-213505.html","discos-solidos-pci-e-m2"
"Disco Sólido SSD M.2 Western Digital 1TB Black SN7100 7250MB/s NVMe PCI-E Gen4 x4 +q 960gb","WDS100T4X0E-00CJA0","412241,00","ARS","https://mla-s1-p.mlstatic.com/732911-MLA92499591794_092025-AB.jpg","https://insumosacuario.com.ar/hardware/discos-solidos-pci-e-m2/disco-solido-ssd-m.2-western-digital-1tb-black-sn7100-7250mb-s-nvme-pci-e-gen4-x4-+q-960gb-198345.html","discos-solidos-pci-e-m2"
"Disco Sólido SSD M.2 SanDisk 2TB SSD Plus 3200MB/s NVMe PCI-E Gen3 x4","SDSSDA3N-2T00-G26","383610,00","ARS","https://mla-s1-p.mlstatic.com/812183-MLA92453884594_092025-AB.jpg","https://insumosacuario.com.ar/hardware/discos-solidos-pci-e-m2/disco-solido-ssd-m.2-sandisk-2tb-ssd-plus-3200mb-s-nvme-pci-e-gen3-x4-198031.html","discos-solidos-pci-e-m2"
"Disco Sólido SSD M.2 Patriot 2TB P300 2100MB/s NVMe PCI-E Gen3 x4","PE000761-P300P2TBM28","428744,00","ARS","https://mla-s1-p.mlstatic.com/756299-MLA74676493570_022024-AB.jpg","https://insumosacuario.com.ar/hardware/discos-solidos-pci-e-m2/disco-solido-ssd-m.2-patriot-2tb-p300-2100mb-s-nvme-pci-e-gen3-x4-161561.html","discos-solidos-pci-e-m2"
"Disco Sólido SSD M.2 Western Digital 2TB Green SN3000 5000MB/s NVMe PCI-E Gen4 x4","WDS200T4G0E","422723,00","ARS","https://mla-s1-p.mlstatic.com/902706-MLA97995262899_112025-AB.jpg","https://insumosacuario.com.ar/hardware/discos-solidos-pci-e-m2/disco-solido-ssd-m.2-western-digital-2tb-green-sn3000-5000mb-s-nvme-pci-e-gen4-x4-206389.html","discos-solidos-pci-e-m2"
"Disco Sólido SSD M.2 Crucial 1TB T705 13600MB/s NVMe PCI-E Gen5 x4 +q 960gb","CT1000T705SSD3","451859,00","ARS","https://mla-s1-p.mlstatic.com/860096-MLA92877878395_092025-AB.jpg","https://insumosacuario.com.ar/hardware/discos-solidos-pci-e-m2/disco-solido-ssd-m.2-crucial-1tb-t705-13600mb-s-nvme-pci-e-gen5-x4-+q-960gb-198026.html","discos-solidos-pci-e-m2"
"Disco Sólido SSD M.2 Western Digital 1TB Black SN850X 7300MB/s NVMe PCI-E Gen4 x4 +q 960gb","WDS100T2X0E","469619,00","ARS","https://mla-s1-p.mlstatic.com/686795-MLA92145210595_092025-AB.jpg","https://insumosacuario.com.ar/hardware/discos-solidos-pci-e-m2/disco-solido-ssd-m.2-western-digital-1tb-black-sn850x-7300mb-s-nvme-pci-e-gen4-x4-+q-960gb-158967.html","discos-solidos-pci-e-m2"
"Disco Sólido SSD M.2 Corsair 1TB MP700 Elite 10000MB/s NVMe PCI-E Gen5 x4 +q 960gb","CSSD-F1000GBMP700EHS","473055,00","ARS","https://mla-s1-p.mlstatic.com/913230-MLA95520113208_102025-AB.jpg","https://insumosacuario.com.ar/hardware/discos-solidos-pci-e-m2/disco-solido-ssd-m.2-corsair-1tb-mp700-elite-10000mb-s-nvme-pci-e-gen5-x4-+q-960gb-201560.html","discos-solidos-pci-e-m2"
"Disco Sólido SSD M.2 Lexar 2TB NM620 3300MB/s NVMe PCI-E Gen3 x4","LNM620X002T-RNNNU-NVMEM2","500993,00","ARS","https://mla-s1-p.mlstatic.com/788727-MLA72202509061_102023-AB.jpg","https://insumosacuario.com.ar/hardware/discos-solidos-pci-e-m2/disco-solido-ssd-m.2-lexar-2tb-nm620-3300mb-s-nvme-pci-e-gen3-x4-163359.html","discos-solidos-pci-e-m2"
"Disco Sólido SSD M.2 Patriot 2TB P400 Lite 5000MB/s NVMe PCI-E Gen4 x4","P400LP2KGM2","512284,00","ARS","https://mla-s1-p.mlstatic.com/883323-MLA92499480322_092025-AB.jpg","https://insumosacuario.com.ar/hardware/discos-solidos-pci-e-m2/disco-solido-ssd-m.2-patriot-2tb-p400-lite-5000mb-s-nvme-pci-e-gen4-x4-162237.html","discos-solidos-pci-e-m2"
"Disco Sólido SSD M.2 Patriot 2TB Viper VP4300 Lite 7400MB/s NVMe PCI-E Gen4 x4","VP4300L2TBM28H","576332,00","ARS","https://mla-s1-p.mlstatic.com/894385-MLA79585130658_102024-AB.jpg","https://insumosacuario.com.ar/hardware/discos-solidos-pci-e-m2/disco-solido-ssd-m.2-patriot-2tb-viper-vp4300-lite-7400mb-s-nvme-pci-e-gen4-x4-192937.html","discos-solidos-pci-e-m2"
"Disco Sólido SSD M.2 2230 Patriot 1TB Viper VP4000 Mini 5000MB/s NVMe PCI-E Gen4 x4 +q 960gb","PE000973-VP4000M1TBM23","586280,00","ARS","https://mla-s1-p.mlstatic.com/738361-MLA73848190052_012024-AB.jpg","https://insumosacuario.com.ar/hardware/discos-solidos-pci-e-m2/disco-solido-ssd-m.2-2230-patriot-1tb-viper-vp4000-mini-5000mb-s-nvme-pci-e-gen4-x4-+q-960gb-164449.html","discos-solidos-pci-e-m2"
"Disco Ssd M2 Nvme 1tb G4 Kingston Fury","51951","639903,00","ARS","https://cdn.insumosacuario.com.ar/thumb_10-08-2026-06-08-19_51951_01.webp","https://insumosacuario.com.ar/hardware/discos-solidos-pci-e-m2/disco-ssd-m2-nvme-1tb-g4-kingston-fury-213507.html","discos-solidos-pci-e-m2"
"Disco Sólido SSD M.2 Crucial 2TB P310 7100MB/s NVMe PCI-E Gen4 x4","CT2000P310SSD5","642040,00","ARS","https://mla-s1-p.mlstatic.com/688640-MLA101466238035_122025-AB.jpg","https://insumosacuario.com.ar/hardware/discos-solidos-pci-e-m2/disco-solido-ssd-m.2-crucial-2tb-p310-7100mb-s-nvme-pci-e-gen4-x4-201840.html","discos-solidos-pci-e-m2"
"Disco Sólido SSD M.2 ADATA XPG 2TB Gammix S70 Blade 7400MB/s NVMe PCI-E Gen4 x4","ADATA-AGAMMIXS70B-2T-CS","648999,00","ARS","https://mla-s1-p.mlstatic.com/949337-MLA81615816820_012025-AB.jpg","https://insumosacuario.com.ar/hardware/discos-solidos-pci-e-m2/disco-solido-ssd-m.2-adata-xpg-2tb-gammix-s70-blade-7400mb-s-nvme-pci-e-gen4-x4-194310.html","discos-solidos-pci-e-m2"
"Disco Sólido SSD M.2 Crucial 2TB T700 12400MB/s NVMe PCI-E Gen5 x4 Disipador","CT2000T700SSD5","761863,00","ARS","https://mla-s1-p.mlstatic.com/898342-MLA92877511345_092025-AB.jpg","https://insumosacuario.com.ar/hardware/discos-solidos-pci-e-m2/disco-solido-ssd-m.2-crucial-2tb-t700-12400mb-s-nvme-pci-e-gen5-x4-disipador-198341.html","discos-solidos-pci-e-m2"
"Disco Sólido SSD M.2 Crucial 2TB T705 14500MB/s NVMe PCI-E Gen5 x4 Disipador","CRUCIAL-CT2000T705SSD5","777630,00","ARS","https://mla-s1-p.mlstatic.com/936424-MLA92930325151_092025-AB.jpg","https://insumosacuario.com.ar/hardware/discos-solidos-pci-e-m2/disco-solido-ssd-m.2-crucial-2tb-t705-14500mb-s-nvme-pci-e-gen5-x4-disipador-196015.html","discos-solidos-pci-e-m2"
"Disco Sólido SSD M.2 Corsair 2TB MP700 Elite 10000MB/s NVMe PCI-E Gen5 x4","CSSD-F2000GBMP700EHS","782452,00","ARS","https://mla-s1-p.mlstatic.com/925692-MLA101262725212_122025-AB.jpg","https://insumosacuario.com.ar/hardware/discos-solidos-pci-e-m2/disco-solido-ssd-m.2-corsair-2tb-mp700-elite-10000mb-s-nvme-pci-e-gen5-x4-201583.html","discos-solidos-pci-e-m2"
"Disco Sólido SSD M.2 Patriot 4TB P410 4900MB/s NVMe PCI-E Gen4 x4","P410P4TBM28H","981267,00","ARS","https://mla-s1-p.mlstatic.com/822287-MLA115309356588_082026-AB.jpg","https://insumosacuario.com.ar/hardware/discos-solidos-pci-e-m2/disco-solido-ssd-m.2-patriot-4tb-p410-4900mb-s-nvme-pci-e-gen4-x4-214702.html","discos-solidos-pci-e-m2"
"Disco Sólido SSD M.2 Western Digital 2TB Black SN850X 7300MB/s NVMe PCI-E Gen4 x4","WDS200T2X0E","986363,00","ARS","https://mla-s1-p.mlstatic.com/673673-MLA92888172093_092025-AB.jpg","https://insumosacuario.com.ar/hardware/discos-solidos-pci-e-m2/disco-solido-ssd-m.2-western-digital-2tb-black-sn850x-7300mb-s-nvme-pci-e-gen4-x4-158968.html","discos-solidos-pci-e-m2"
"Disco Sólido SSD M.2 Western Digital 2TB Black SN850X 7300MB/s NVMe PCI-E Gen4 x4 Disipador","WDS200T2XHE","1005480,00","ARS","https://mla-s1-p.mlstatic.com/650282-MLA92497192664_092025-AB.jpg","https://insumosacuario.com.ar/hardware/discos-solidos-pci-e-m2/disco-solido-ssd-m.2-western-digital-2tb-black-sn850x-7300mb-s-nvme-pci-e-gen4-x4-disipador-159762.html","discos-solidos-pci-e-m2"
"Memoria RAM Hikvision U1 4GB DDR3 1600MHz CL11","HKED3041/4G-4GB1600-PC","63961,00","ARS","https://mla-s1-p.mlstatic.com/652782-MLA74782155659_022024-AB.jpg","https://insumosacuario.com.ar/hardware/memorias-ram-dimm/memoria-ram-hikvision-u1-4gb-ddr3-1600mhz-cl11-160482.html","memorias-ram-dimm"
"Memoria RAM Patriot Signature Line 4GB DDR3 1600MHz CL11","PS000883-PSD34G16002","81157,00","ARS","https://mla-s1-p.mlstatic.com/919234-MLA75863761896_042024-AB.jpg","https://insumosacuario.com.ar/hardware/memorias-ram-dimm/memoria-ram-patriot-signature-line-4gb-ddr3-1600mhz-cl11-161830.html","memorias-ram-dimm"
"Memoria RAM ADATA XPG Spectrix D35G 8GB DDR4 3200MHz CL16 RGB Negra","AX4U32008G16A-SBKD35G","114900,00","ARS","https://mla-s1-p.mlstatic.com/683393-MLA99517966864_112025-AB.jpg","https://insumosacuario.com.ar/hardware/memorias-ram-dimm/memoria-ram-adata-xpg-spectrix-d35g-8gb-ddr4-3200mhz-cl16-rgb-negra-214932.html","memorias-ram-dimm"
"Memoria RAM Patriot Signature Line 8GB DDR4 3200MHz CL22","PSD48G32002-UDIMM","123649,00","ARS","https://mla-s1-p.mlstatic.com/929854-MLU77126251471_062024-AB.jpg","https://insumosacuario.com.ar/hardware/memorias-ram-dimm/memoria-ram-patriot-signature-line-8gb-ddr4-3200mhz-cl22-194577.html","memorias-ram-dimm"
"Memoria RAM Corsair Vengeance LPX 8GB DDR4 3600MHz CL18 Negra CMK8GX4M1Z3600C18","CMK8GX4M1Z3600C18","148050,00","ARS","https://mla-s1-p.mlstatic.com/644962-MLA95233052323_102025-AB.jpg","https://insumosacuario.com.ar/hardware/memorias-ram-dimm/memoria-ram-corsair-vengeance-lpx-8gb-ddr4-3600mhz-cl18-negra-cmk8gx4m1z3600c18-200260.html","memorias-ram-dimm"
"Memoria RAM Puskill 16GB DDR4 2666MHz CL19","PSK-D4D19M2666B-16G","150475,00","ARS","https://mla-s1-p.mlstatic.com/779131-MLU77240613503_062024-AB.jpg","https://insumosacuario.com.ar/hardware/memorias-ram-dimm/memoria-ram-puskill-16gb-ddr4-2666mhz-cl19-213667.html","memorias-ram-dimm"
"Memoria RAM TeamGroup T-Force Vulcan 8GB DDR4 3200MHz CL16 TUF Gaming","MC-TF-TUF8G/3200","127562,00","ARS","https://mla-s1-p.mlstatic.com/825546-MLA93968695407_102025-AB.jpg","https://insumosacuario.com.ar/hardware/memorias-ram-dimm/memoria-ram-teamgroup-t-force-vulcan-8gb-ddr4-3200mhz-cl16-tuf-gaming-200196.html","memorias-ram-dimm"
"Memoria RAM Corsair Vengeance LPX 8GB DDR4 3200MHz CL16 Negra CMK8GX4M1Z3200C16","CMK8GX4M1Z3200C16","150071,00","ARS","https://mla-s1-p.mlstatic.com/885490-MLA50310567577_062022-AB.jpg","https://insumosacuario.com.ar/hardware/memorias-ram-dimm/memoria-ram-corsair-vengeance-lpx-8gb-ddr4-3200mhz-cl16-negra-cmk8gx4m1z3200c16-192014.html","memorias-ram-dimm"
"Memoria RAM Patriot Signature Line 8GB DDR5 5600MHz CL46","PSD58G560082","212444,00","ARS","https://mla-s1-p.mlstatic.com/711767-MLA98400229713_112025-AB.jpg","https://insumosacuario.com.ar/hardware/memorias-ram-dimm/memoria-ram-patriot-signature-line-8gb-ddr5-5600mhz-cl46-203785.html","memorias-ram-dimm"
"Memoria RAM Lexar 16GB DDR4 3200MHz CL22 Negra","LD4AU016G-B3200GSST","213296,00","ARS","https://mla-s1-p.mlstatic.com/941998-MLU75600925168_042024-AB.jpg","https://insumosacuario.com.ar/hardware/memorias-ram-dimm/memoria-ram-lexar-16gb-ddr4-3200mhz-cl22-negra-191726.html","memorias-ram-dimm"
"Memoria RAM ADATA XPG Spectrix D35G 16GB DDR4 3200MHz CL16 RGB Negra","AX4U320016G16A-SBKD35G","225959,00","ARS","https://mla-s1-p.mlstatic.com/885623-MLU73972881370_012024-AB.jpg","https://insumosacuario.com.ar/hardware/memorias-ram-dimm/memoria-ram-adata-xpg-spectrix-d35g-16gb-ddr4-3200mhz-cl16-rgb-negra-195290.html","memorias-ram-dimm"
"Memoria RAM Hiksemi Armor 16GB DDR4 3200MHz CL22 Disipador","HSC416U32Z2-16","230449,00","ARS","https://mla-s1-p.mlstatic.com/840204-MLA91743406006_092025-AB.jpg","https://insumosacuario.com.ar/hardware/memorias-ram-dimm/memoria-ram-hiksemi-armor-16gb-ddr4-3200mhz-cl22-disipador-199927.html","memorias-ram-dimm"
"Memoria RAM ADATA XPG Spectrix D35G 16GB DDR4 3200MHz CL16 SIN RGB AX4U320016G16A-SWHD35","AX4U320016G16A-SWHD35G","225959,00","ARS","https://mla-s1-p.mlstatic.com/640148-MLA96408145164_102025-AB.jpg","https://insumosacuario.com.ar/hardware/memorias-ram-dimm/memoria-ram-adata-xpg-spectrix-d35g-16gb-ddr4-3200mhz-cl16-sin-rgb-ax4u320016g16a-swhd35-198446.html","memorias-ram-dimm"
"Memoria RAM Crucial Basics 16GB DDR4 2666MHz CL19","CB16GU2666-PC","225078,00","ARS","https://mla-s1-p.mlstatic.com/703714-MLA52221527392_102022-AB.jpg","https://insumosacuario.com.ar/hardware/memorias-ram-dimm/memoria-ram-crucial-basics-16gb-ddr4-2666mhz-cl19-160908.html","memorias-ram-dimm"
"Memoria RAM Kingston ValueRAM 16GB DDR4 3200MHz CL22","KVR32N22S8/16-UDIMM","241162,00","ARS","https://mla-s1-p.mlstatic.com/737005-MLA81488654651_122024-AB.jpg","https://insumosacuario.com.ar/hardware/memorias-ram-dimm/memoria-ram-kingston-valueram-16gb-ddr4-3200mhz-cl22-160326.html","memorias-ram-dimm"
"Memoria RAM Lexar Hades 16GB DDR4 3600MHz CL18 RGB Negra","LD4BU016G-R3600GSLA","245161,00","ARS","https://mla-s1-p.mlstatic.com/941639-MLU78277467719_082024-AB.jpg","https://insumosacuario.com.ar/hardware/memorias-ram-dimm/memoria-ram-lexar-hades-16gb-ddr4-3600mhz-cl18-rgb-negra-191374.html","memorias-ram-dimm"
"Memoria RAM Patriot Signature Line 16GB DDR4 3200MHz CL22","PSD416G32008-UDIMM","250807,00","ARS","https://mla-s1-p.mlstatic.com/887393-MLA74075249224_012024-AB.jpg","https://insumosacuario.com.ar/hardware/memorias-ram-dimm/memoria-ram-patriot-signature-line-16gb-ddr4-3200mhz-cl22-163066.html","memorias-ram-dimm"
"Memoria RAM Hiksemi 16GB DDR4 3200MHz CL22 Disipador Bulk","HIKSEMI-16GB-3200-U10","255831,00","ARS","https://mla-s1-p.mlstatic.com/663308-MLA77875594467_072024-AB.jpg","https://insumosacuario.com.ar/hardware/memorias-ram-dimm/memoria-ram-hiksemi-16gb-ddr4-3200mhz-cl22-disipador-bulk-189926.html","memorias-ram-dimm"
"Memoria RAM PNY XLR8 Gaming Epic-X 16GB DDR4 3200MHz CL16 RGB Silver","MD16GSD4320016XSRGB","267959,00","ARS","https://mla-s1-p.mlstatic.com/962014-MLA74123338971_012024-AB.jpg","https://insumosacuario.com.ar/hardware/memorias-ram-dimm/memoria-ram-pny-xlr8-gaming-epic-x-16gb-ddr4-3200mhz-cl16-rgb-silver-160407.html","memorias-ram-dimm"
"Memoria RAM Hiksemi Armor 16GB (2x8GB) DDR4 3200MHz CL22","HSC416U32Z3","267959,00","ARS","https://mla-s1-p.mlstatic.com/942529-MLU79197752621_092024-AB.jpg","https://insumosacuario.com.ar/hardware/memorias-ram-dimm/memoria-ram-hiksemi-armor-16gb-2x8gb-ddr4-3200mhz-cl22-191924.html","memorias-ram-dimm"
"Memoria RAM ADATA XPG Spectrix D50 16GB DDR4 3200MHz CL16 RGB Gris","AX4U320016G16A-ST50","273316,00","ARS","https://mla-s1-p.mlstatic.com/859780-MLA92477499734_092025-AB.jpg","https://insumosacuario.com.ar/hardware/memorias-ram-dimm/memoria-ram-adata-xpg-spectrix-d50-16gb-ddr4-3200mhz-cl16-rgb-gris-200089.html","memorias-ram-dimm"
"Memoria RAM Patriot Viper Steel 16GB DDR4 3600MHz CL20 RGB Negra","PVSR416G360C0","287812,00","ARS","https://mla-s1-p.mlstatic.com/884961-MLU74958553051_032024-AB.jpg","https://insumosacuario.com.ar/hardware/memorias-ram-dimm/memoria-ram-patriot-viper-steel-16gb-ddr4-3600mhz-cl20-rgb-negra-192954.html","memorias-ram-dimm"
"Memoria RAM Gigabyte AORUS 16GB (2x8GB) DDR4 3333MHz CL18 RGB","GP-ARS16G33","308560,00","ARS","https://mla-s1-p.mlstatic.com/713749-MLM74113013626_012024-AB.jpg","https://insumosacuario.com.ar/hardware/memorias-ram-dimm/memoria-ram-gigabyte-aorus-16gb-2x8gb-ddr4-3333mhz-cl18-rgb-202893.html","memorias-ram-dimm"
"Memoria RAM Hiksemi Future 16GB DDR4 3200MHz CL22 RGB","HIK-HSC416U32C4","310783,00","ARS","https://mla-s1-p.mlstatic.com/690296-MLU77846338757_072024-AB.jpg","https://insumosacuario.com.ar/hardware/memorias-ram-dimm/memoria-ram-hiksemi-future-16gb-ddr4-3200mhz-cl22-rgb-194789.html","memorias-ram-dimm"
"Memoria RAM ADATA XPG Spectrix D35G 16GB DDR4 3600MHz CL18 RGB Negra","AX4U360016G18I-SBKD35G","319793,00","ARS","https://mla-s1-p.mlstatic.com/701108-MLA81886917131_012025-AB.jpg","https://insumosacuario.com.ar/hardware/memorias-ram-dimm/memoria-ram-adata-xpg-spectrix-d35g-16gb-ddr4-3600mhz-cl18-rgb-negra-194300.html","memorias-ram-dimm"
"Memoria RAM Patriot Signature Line 16GB DDR4 3200MHz CL22 Single Rank","PSD416G32002","341104,00","ARS","https://mla-s1-p.mlstatic.com/717987-MLA99510371732_112025-AB.jpg","https://insumosacuario.com.ar/hardware/memorias-ram-dimm/memoria-ram-patriot-signature-line-16gb-ddr4-3200mhz-cl22-single-rank-203786.html","memorias-ram-dimm"
"Memoria RAM Crucial 16GB DDR5 5600MHz CL46","CRUCIAL-CT16G56C46U5","394005,00","ARS","https://mla-s1-p.mlstatic.com/705252-MLU72721638611_112023-AB.jpg","https://insumosacuario.com.ar/hardware/memorias-ram-dimm/memoria-ram-crucial-16gb-ddr5-5600mhz-cl46-196018.html","memorias-ram-dimm"
"Memoria RAM Patriot Signature Premium 16GB DDR5 5600MHz CL46","PSP516G56002H1","394410,00","ARS","https://mla-s1-p.mlstatic.com/846286-MLA79995890605_102024-AB.jpg","https://insumosacuario.com.ar/hardware/memorias-ram-dimm/memoria-ram-patriot-signature-premium-16gb-ddr5-5600mhz-cl46-192941.html","memorias-ram-dimm"
"Memoria RAM ADATA Premier 16GB DDR5 5600MHz CL46","AD5U560016G-S","399001,00","ARS","https://mla-s1-p.mlstatic.com/780446-MLA99859834557_112025-AB.jpg","https://insumosacuario.com.ar/hardware/memorias-ram-dimm/memoria-ram-adata-premier-16gb-ddr5-5600mhz-cl46-214368.html","memorias-ram-dimm"
"Memoria RAM Patriot Viper Elite II 32GB (2x16GB) DDR4 3600MHz CL20 Gris","PVE2432G360C0K","399131,00","ARS","https://mla-s1-p.mlstatic.com/693678-MLA115345773680_082026-AB.jpg","https://insumosacuario.com.ar/hardware/memorias-ram-dimm/memoria-ram-patriot-viper-elite-ii-32gb-2x16gb-ddr4-3600mhz-cl20-gris-214723.html","memorias-ram-dimm"
"Memoria RAM Hiksemi Hiker 32GB DDR4 3200MHz CL22","HIKSEMIHIKER32-3200-PC","402596,00","ARS","https://mla-s1-p.mlstatic.com/906314-MLA79016617344_092024-AB.jpg","https://insumosacuario.com.ar/hardware/memorias-ram-dimm/memoria-ram-hiksemi-hiker-32gb-ddr4-3200mhz-cl22-191412.html","memorias-ram-dimm"
"Memoria RAM Lexar 16GB DDR5 5600MHz CL46","LEXAR-LD5U16G56C46ST","407303,00","ARS","https://mla-s1-p.mlstatic.com/712815-MLA84416469590_052025-AB.jpg","https://insumosacuario.com.ar/hardware/memorias-ram-dimm/memoria-ram-lexar-16gb-ddr5-5600mhz-cl46-197280.html","memorias-ram-dimm"
"Memoria RAM Patriot Viper Venom 16GB DDR5 5600MHz CL36 Negra","PATRIOT-PVV516G56C36","416428,00","ARS","https://mla-s1-p.mlstatic.com/681093-MLA81944900034_022025-AB.jpg","https://insumosacuario.com.ar/hardware/memorias-ram-dimm/memoria-ram-patriot-viper-venom-16gb-ddr5-5600mhz-cl36-negra-194997.html","memorias-ram-dimm"
"Memoria RAM Patriot Viper Steel 32GB (2x16GB) DDR4 3600MHz CL18 Gunmetal","PE000727-PVS432G360C8K","396936,00","ARS","https://mla-s1-p.mlstatic.com/728310-MLA99969850551_112025-AB.jpg","https://insumosacuario.com.ar/hardware/memorias-ram-dimm/memoria-ram-patriot-viper-steel-32gb-2x16gb-ddr4-3600mhz-cl18-gunmetal-214694.html","memorias-ram-dimm"
"Memoria RAM Patriot Signature Line 32GB DDR4 3200MHz CL22","PSD432G32002","426390,00","ARS","https://mla-s1-p.mlstatic.com/748906-MLA54438537792_032023-AB.jpg","https://insumosacuario.com.ar/hardware/memorias-ram-dimm/memoria-ram-patriot-signature-line-32gb-ddr4-3200mhz-cl22-160437.html","memorias-ram-dimm"
"Memoria RAM Crucial Pro 16GB DDR5 5600MHz CL46 Negra","CP16G56C46U5","415721,00","ARS","https://mla-s1-p.mlstatic.com/926094-MLA79928824411_102024-AB.jpg","https://insumosacuario.com.ar/hardware/memorias-ram-dimm/memoria-ram-crucial-pro-16gb-ddr5-5600mhz-cl46-negra-195410.html","memorias-ram-dimm"
"Memoria RAM Corsair Vengeance 16GB DDR5 5600MHz CL40 Negra CMK16GX5M1B5600C40","CMK16GX5M1B5600C40","470427,00","ARS","https://mla-s1-p.mlstatic.com/982036-MLA75867984328_042024-AB.jpg","https://insumosacuario.com.ar/hardware/memorias-ram-dimm/memoria-ram-corsair-vengeance-16gb-ddr5-5600mhz-cl40-negra-cmk16gx5m1b5600c40-165861.html","memorias-ram-dimm"
"Memoria RAM Lexar 32GB DDR4 3200MHz CL22 Negra","LD4AU032G-B3200GSST","412660,00","ARS","https://mla-s1-p.mlstatic.com/680458-MLU73268603178_122023-AB.jpg","https://insumosacuario.com.ar/hardware/memorias-ram-dimm/memoria-ram-lexar-32gb-ddr4-3200mhz-cl22-negra-191567.html","memorias-ram-dimm"
"Memoria RAM Crucial 32GB DDR4 3200MHz CL22","CT32G4DFD832A","500993,00","ARS","https://mla-s1-p.mlstatic.com/932312-MLA77821821775_072024-AB.jpg","https://insumosacuario.com.ar/hardware/memorias-ram-dimm/memoria-ram-crucial-32gb-ddr4-3200mhz-cl22-189881.html","memorias-ram-dimm"
"Memoria RAM Corsair Vengeance 16GB DDR5 5600MHz CL40 RGB Negra CMH16GX5M1B5600C40","CMH16GX5M1B5600C40","514233,00","ARS","https://mla-s1-p.mlstatic.com/614279-MLU78957995948_092024-AB.jpg","https://insumosacuario.com.ar/hardware/memorias-ram-dimm/memoria-ram-corsair-vengeance-16gb-ddr5-5600mhz-cl40-rgb-negra-cmh16gx5m1b5600c40-195351.html","memorias-ram-dimm"
"Memoria RAM Corsair Vengeance 16GB (2x8GB) DDR5 5200MHz CL40 RGB Negra CMH16GX5M2B5200Z40","CMH16GX5M2B5200Z40","471163,00","ARS","https://mla-s1-p.mlstatic.com/949310-MLA115078079153_072026-AB.jpg","https://insumosacuario.com.ar/hardware/memorias-ram-dimm/memoria-ram-corsair-vengeance-16gb-2x8gb-ddr5-5200mhz-cl40-rgb-negra-cmh16gx5m2b5200z40-208747.html","memorias-ram-dimm"
"Memoria RAM Crucial Pro 32GB DDR4 3200MHz CL22 Negra","CP32G4DFRA32A","528223,00","ARS","https://mla-s1-p.mlstatic.com/721847-MLA79415244724_092024-AB.jpg","https://insumosacuario.com.ar/hardware/memorias-ram-dimm/memoria-ram-crucial-pro-32gb-ddr4-3200mhz-cl22-negra-194446.html","memorias-ram-dimm"
"Memoria RAM Crucial Pro 24GB DDR5 5600MHz CL46 Negra","CP24G56C46U5","532988,00","ARS","https://mla-s1-p.mlstatic.com/744887-MLA94682994486_102025-AB.jpg","https://insumosacuario.com.ar/hardware/memorias-ram-dimm/memoria-ram-crucial-pro-24gb-ddr5-5600mhz-cl46-negra-200250.html","memorias-ram-dimm"
"Memoria RAM ADATA Premier 32GB DDR4 3200MHz CL22","ADATA-AD4U320032G22-SGN","534576,00","ARS","https://mla-s1-p.mlstatic.com/947087-MLU75209980568_032024-AB.jpg","https://insumosacuario.com.ar/hardware/memorias-ram-dimm/memoria-ram-adata-premier-32gb-ddr4-3200mhz-cl22-195253.html","memorias-ram-dimm"
"Memoria RAM Patriot Viper Steel 32GB DDR4 3600MHz CL20 RGB Negra","PVSR432G360C0","536496,00","ARS","https://mla-s1-p.mlstatic.com/826714-MLU70464111672_072023-AB.jpg","https://insumosacuario.com.ar/hardware/memorias-ram-dimm/memoria-ram-patriot-viper-steel-32gb-ddr4-3600mhz-cl20-rgb-negra-162163.html","memorias-ram-dimm"
"Memoria RAM Kingston Fury Beast 32GB DDR4 3200MHz CL16 Negra","KF432C16BB/32","538345,00","ARS","https://mla-s1-p.mlstatic.com/853562-MLA74781346721_022024-AB.jpg","https://insumosacuario.com.ar/hardware/memorias-ram-dimm/memoria-ram-kingston-fury-beast-32gb-ddr4-3200mhz-cl16-negra-159515.html","memorias-ram-dimm"
"Memoria RAM SODIMM SK Hynix 4GB DDR4 3200MHz CL22 Bulk","OEM-HMAG56EXNSA051N BD","55515,00","ARS","https://mla-s1-p.mlstatic.com/669385-MLA90829384736_082025-AB.jpg","https://insumosacuario.com.ar/hardware/memorias-ram-sodimm/memoria-ram-sodimm-sk-hynix-4gb-ddr4-3200mhz-cl22-bulk-201905.html","memorias-ram-sodimm"
"Memoria RAM SODIMM KingDian 8GB DDR4 3200MHz CL22","D4S32008G-B","117917,00","ARS","https://mla-s1-p.mlstatic.com/721916-MLA101183427489_122025-AB.jpg","https://insumosacuario.com.ar/hardware/memorias-ram-sodimm/memoria-ram-sodimm-kingdian-8gb-ddr4-3200mhz-cl22-201489.html","memorias-ram-sodimm"
"Memoria RAM SODIMM Lexar 8GB DDR4 3200MHz CL22","LD4AS008G-B3200GSST","123259,00","ARS","https://mla-s1-p.mlstatic.com/944500-MLA69302005885_052023-AB.jpg","https://insumosacuario.com.ar/hardware/memorias-ram-sodimm/memoria-ram-sodimm-lexar-8gb-ddr4-3200mhz-cl22-161169.html","memorias-ram-sodimm"
"Memoria RAM SODIMM Crucial 8GB DDR4 3200MHz CL22","CT8G4SFRA32A-SODIMM","139344,00","ARS","https://mla-s1-p.mlstatic.com/742922-MLA74650715482_022024-AB.jpg","https://insumosacuario.com.ar/hardware/memorias-ram-sodimm/memoria-ram-sodimm-crucial-8gb-ddr4-3200mhz-cl22-158498.html","memorias-ram-sodimm"
"Memoria RAM SODIMM Corsair Vengeance 8GB DDR4 3200MHz CL22 CMSX8GX4M1A3200C22","CMSX8GX4M1A3200C22","171498,00","ARS","https://mla-s1-p.mlstatic.com/905025-MLA103368657992_012026-AB.jpg","https://insumosacuario.com.ar/hardware/memorias-ram-sodimm/memoria-ram-sodimm-corsair-vengeance-8gb-ddr4-3200mhz-cl22-cmsx8gx4m1a3200c22-206665.html","memorias-ram-sodimm"
"Memoria RAM SODIMM Patriot Signature Line 8GB DDR5 4800MHz CL40","PS001643-PSD58G480041S","178644,00","ARS","https://mla-s1-p.mlstatic.com/947048-MLA72860700817_112023-AB.jpg","https://insumosacuario.com.ar/hardware/memorias-ram-sodimm/memoria-ram-sodimm-patriot-signature-line-8gb-ddr5-4800mhz-cl40-163840.html","memorias-ram-sodimm"
"Memoria RAM SODIMM KingDian 16GB DDR4 3200MHz CL22","D4S320016G-B","178240,00","ARS","https://mla-s1-p.mlstatic.com/889237-MLA101183112923_122025-AB.jpg","https://insumosacuario.com.ar/hardware/memorias-ram-sodimm/memoria-ram-sodimm-kingdian-16gb-ddr4-3200mhz-cl22-201432.html","memorias-ram-sodimm"
"Memoria RAM SODIMM Hikvision 16GB DDR4 2666MHz CL19","HKED4162DAB1D0ZA1/16G-SODIMM","208921,00","ARS","https://mla-s1-p.mlstatic.com/838952-MLA54886157293_042023-AB.jpg","https://insumosacuario.com.ar/hardware/memorias-ram-sodimm/memoria-ram-sodimm-hikvision-16gb-ddr4-2666mhz-cl19-160668.html","memorias-ram-sodimm"
"Memoria RAM SODIMM Corsair Vengeance 8GB DDR5 4800MHz CL40 CMSX8GX5M1A4800C40","CMSX8GX5M1A48","230001,00","ARS","https://mla-s1-p.mlstatic.com/795627-MLA99962140861_112025-AB.jpg","https://insumosacuario.com.ar/hardware/memorias-ram-sodimm/memoria-ram-sodimm-corsair-vengeance-8gb-ddr5-4800mhz-cl40-cmsx8gx5m1a4800c40-203791.html","memorias-ram-sodimm"
"Memoria RAM SODIMM Hiksemi Hiker 16GB DDR4 3200MHz CL22","HSC416S32Z1-16G","203940,00","ARS","https://mla-s1-p.mlstatic.com/829947-MLA92143797711_092025-AB.jpg","https://insumosacuario.com.ar/hardware/memorias-ram-sodimm/memoria-ram-sodimm-hiksemi-hiker-16gb-ddr4-3200mhz-cl22-199922.html","memorias-ram-sodimm"
"Memoria RAM SODIMM Kingston ValueRAM 16GB DDR4 3200MHz CL22","KVR32S22S8/16","226579,00","ARS","https://mla-s1-p.mlstatic.com/722298-MLA74782716111_022024-AB.jpg","https://insumosacuario.com.ar/hardware/memorias-ram-sodimm/memoria-ram-sodimm-kingston-valueram-16gb-ddr4-3200mhz-cl22-157134.html","memorias-ram-sodimm"
"Memoria RAM SODIMM Patriot Viper Steel 16GB DDR4 3200MHz CL18","PE000869-PVS416G320C8S","287812,00","ARS","https://mla-s1-p.mlstatic.com/900010-MLU73708951114_012024-AB.jpg","https://insumosacuario.com.ar/hardware/memorias-ram-sodimm/memoria-ram-sodimm-patriot-viper-steel-16gb-ddr4-3200mhz-cl18-190391.html","memorias-ram-sodimm"
"Memoria RAM SODIMM Patriot Signature Line 16GB DDR4 3200MHz CL22","PSD416G32002S-SODIM","334419,00","ARS","https://mla-s1-p.mlstatic.com/783023-MLA90239832022_082025-AB.jpg","https://insumosacuario.com.ar/hardware/memorias-ram-sodimm/memoria-ram-sodimm-patriot-signature-line-16gb-ddr4-3200mhz-cl22-157142.html","memorias-ram-sodimm"
"Memoria RAM SODIMM Patriot Signature Line 16GB DDR4 3200MHz CL22 Single Rank","PS001576-PSD416G320081S","359830,00","ARS","https://mla-s1-p.mlstatic.com/942393-MLA74806224805_022024-AB.jpg","https://insumosacuario.com.ar/hardware/memorias-ram-sodimm/memoria-ram-sodimm-patriot-signature-line-16gb-ddr4-3200mhz-cl22-single-rank-161566.html","memorias-ram-sodimm"
"Memoria RAM SODIMM Crucial Basics 16GB DDR5 4800MHz CL40","CRUCIALCB16GS4800-SOD","420485,00","ARS","https://mla-s1-p.mlstatic.com/650146-MLU77107059890_062024-AB.jpg","https://insumosacuario.com.ar/hardware/memorias-ram-sodimm/memoria-ram-sodimm-crucial-basics-16gb-ddr5-4800mhz-cl40-192186.html","memorias-ram-sodimm"
"Memoria RAM SODIMM ADATA Premier 16GB DDR5 5600MHz CL46","ADATA-AD5S560016G-S","428729,00","ARS","https://mla-s1-p.mlstatic.com/743378-MLU75788296549_042024-AB.jpg","https://insumosacuario.com.ar/hardware/memorias-ram-sodimm/memoria-ram-sodimm-adata-premier-16gb-ddr5-5600mhz-cl46-195260.html","memorias-ram-sodimm"
"Memoria RAM SODIMM Kingston ValueRAM 32GB DDR4 3200MHz CL22","KVR32S22D8/32","428744,00","ARS","https://mla-s1-p.mlstatic.com/896692-MLA97667414974_112025-AB.jpg","https://insumosacuario.com.ar/hardware/memorias-ram-sodimm/memoria-ram-sodimm-kingston-valueram-32gb-ddr4-3200mhz-cl22-201067.html","memorias-ram-sodimm"
"Memoria RAM SODIMM Corsair Vengeance 16GB DDR5 5600MHz CL48 CMSX16GX5M1A5600C48","CMSX16GX5M1A5600C48","504813,00","ARS","https://mla-s1-p.mlstatic.com/735979-MLU75770135237_042024-AB.jpg","https://insumosacuario.com.ar/hardware/memorias-ram-sodimm/memoria-ram-sodimm-corsair-vengeance-16gb-ddr5-5600mhz-cl48-cmsx16gx5m1a5600c48-206668.html","memorias-ram-sodimm"
"Memoria RAM SODIMM Corsair Vengeance 24GB DDR5 4800MHz CL40 CMSX24GX5M1A4800C40","CMSX24GX5M1A4800C40","535240,00","ARS","https://mla-s1-p.mlstatic.com/660003-MLA101263625986_122025-AB.jpg","https://insumosacuario.com.ar/hardware/memorias-ram-sodimm/memoria-ram-sodimm-corsair-vengeance-24gb-ddr5-4800mhz-cl40-cmsx24gx5m1a4800c40-201580.html","memorias-ram-sodimm"
"Memoria RAM SODIMM Corsair Vengeance 24GB DDR5 5600MHz CL48 CMSX24GX5M1A5600C48","CMSX24GX5M1A5600C48","603562,00","ARS","https://mla-s1-p.mlstatic.com/733820-MLA99505007992_112025-AB.jpg","https://insumosacuario.com.ar/hardware/memorias-ram-sodimm/memoria-ram-sodimm-corsair-vengeance-24gb-ddr5-5600mhz-cl48-cmsx24gx5m1a5600c48-201568.html","memorias-ram-sodimm"
"Memoria RAM SODIMM ADATA Premier 32GB DDR5 5600MHz CL46","AD5S560032G-S","726417,00","ARS","https://mla-s1-p.mlstatic.com/759884-MLA92382664566_092025-AB.jpg","https://insumosacuario.com.ar/hardware/memorias-ram-sodimm/memoria-ram-sodimm-adata-premier-32gb-ddr5-5600mhz-cl46-200078.html","memorias-ram-sodimm"
"Memoria RAM SODIMM Corsair Vengeance 32GB DDR5 5600MHz CL48 CMSX32GX5M1A5600C48","CMSX32GX5M1A5600C48","797150,00","ARS","https://mla-s1-p.mlstatic.com/859618-MLA85439296030_062025-AB.jpg","https://insumosacuario.com.ar/hardware/memorias-ram-sodimm/memoria-ram-sodimm-corsair-vengeance-32gb-ddr5-5600mhz-cl48-cmsx32gx5m1a5600c48-201563.html","memorias-ram-sodimm"
"Memoria RAM SODIMM Patriot Signature Line 32GB DDR5 5600MHz CL46","PS001666-PSD532G56002S","823471,00","ARS","https://mla-s1-p.mlstatic.com/643994-MLA69805598895_062023-AB.jpg","https://insumosacuario.com.ar/hardware/memorias-ram-sodimm/memoria-ram-sodimm-patriot-signature-line-32gb-ddr5-5600mhz-cl46-161570.html","memorias-ram-sodimm"
"Memoria RAM SODIMM Kingston Fury Impact 32GB DDR5 4800MHz CL38 Negra","KF548S38IB-32","857444,00","ARS","https://mla-s1-p.mlstatic.com/827954-MLA54815714436_042023-AB.jpg","https://insumosacuario.com.ar/hardware/memorias-ram-sodimm/memoria-ram-sodimm-kingston-fury-impact-32gb-ddr5-4800mhz-cl38-negra-193025.html","memorias-ram-sodimm"
"Memoria RAM SODIMM Corsair Vengeance 48GB DDR5 4800MHz CL40 CMSX48GX5M1A4800C40","CMSX48GX5M1A4800C40","953906,00","ARS","https://mla-s1-p.mlstatic.com/622981-MLA101766352365_122025-AB.jpg","https://insumosacuario.com.ar/hardware/memorias-ram-sodimm/memoria-ram-sodimm-corsair-vengeance-48gb-ddr5-4800mhz-cl40-cmsx48gx5m1a4800c40-201578.html","memorias-ram-sodimm"
"Disco Sólido SSD 2.5"" Patriot 120GB Burst Elite 450MB/s SATA III","PATRIOT-PBE120GS25SSDR","42492,00","ARS","https://mla-s1-p.mlstatic.com/888529-MLA92851751009_092025-AB.jpg","https://insumosacuario.com.ar/hardware/discos-solidos-sata/disco-solido-ssd-2.5a-patriot-120gb-burst-elite-450mb-s-sata-iii-193836.html","discos-solidos-sata"
"Disco Sólido SSD 2.5"" Patriot 240GB Burst Elite 450MB/s SATA III","PATRIOT-PBE240GS25SSDR","69997,00","ARS","https://mla-s1-p.mlstatic.com/907782-MLA92850204993_092025-AB.jpg","https://insumosacuario.com.ar/hardware/discos-solidos-sata/disco-solido-ssd-2.5a-patriot-240gb-burst-elite-450mb-s-sata-iii-192932.html","discos-solidos-sata"
"Disco Sólido SSD 2.5"" ADATA 256GB Ultimate SU650 520MB/s SATA III +q 240 +q 250gb","ASU650SS-256GT-R","68322,00","ARS","https://mla-s1-p.mlstatic.com/695422-MLA99415702730_112025-AB.jpg","https://insumosacuario.com.ar/hardware/discos-solidos-sata/disco-solido-ssd-2.5a-adata-256gb-ultimate-su650-520mb-s-sata-iii-+q-240-+q-250gb-214930.html","discos-solidos-sata"
"Disco Sólido SSD M.2 2280 Puskill 256GB SATA III 550MB/s +q 240 +q 250gb","PSK-M2SSD6G-256G","91027,00","ARS","https://mla-s1-p.mlstatic.com/906152-MLA115146946942_082026-AB.jpg","https://insumosacuario.com.ar/hardware/discos-solidos-sata/disco-solido-ssd-m.2-2280-puskill-256gb-sata-iii-550mb-s-+q-240-+q-250gb-214500.html","discos-solidos-sata"
"Disco Ssd 240gb Kingston A400 SATA III 2.5","27309","116268,00","ARS","https://www.air-intra.com/imgart/27309.jpg","https://insumosacuario.com.ar/hardware/discos-solidos-sata/disco-ssd-240gb-kingston-a400-sata-iii-2.5-213491.html","discos-solidos-sata"
"Disco Sólido SSD 2.5"" Hiksemi 480GB Wave S 550MB/s SATA III Negro","HIKSEMI HS-SSD-WAVES-480","130767,00","ARS","https://mla-s1-p.mlstatic.com/884746-MLA92914029745_092025-AB.jpg","https://insumosacuario.com.ar/hardware/discos-solidos-sata/disco-solido-ssd-2.5a-hiksemi-480gb-wave-s-550mb-s-sata-iii-negro-166902.html","discos-solidos-sata"
"Disco Sólido SSD 2.5"" Patriot 480GB Burst Elite 450MB/s SATA III","PATRIOT-PBE480GS25SSDR","128731,00","ARS","https://mla-s1-p.mlstatic.com/725293-MLA52219240527_102022-AB.jpg","https://insumosacuario.com.ar/hardware/discos-solidos-sata/disco-solido-ssd-2.5a-patriot-480gb-burst-elite-450mb-s-sata-iii-192934.html","discos-solidos-sata"
"Disco Sólido SSD 2.5"" Lexar 512GB NQ100 550MB/s SATA III +q 480 +q 500gb","LXALNQ100X512G-RNNNG","114986,00","ARS","https://mla-s1-p.mlstatic.com/679961-MLA105236937697_012026-AB.jpg","https://insumosacuario.com.ar/hardware/discos-solidos-sata/disco-solido-ssd-2.5a-lexar-512gb-nq100-550mb-s-sata-iii-+q-480-+q-500gb-214716.html","discos-solidos-sata"
"Disco Ssd Hiksemi Wave 480gb SATA III","214034","144618,00","ARS","https://www.air-intra.com/imgart/214034.jpg","https://insumosacuario.com.ar/hardware/discos-solidos-sata/disco-ssd-hiksemi-wave-480gb-sata-iii-213422.html","discos-solidos-sata"
"Disco Sólido SSD 2.5"" Patriot 512GB P210 500MB/s SATA III +q 480 +q 500gb","PATRIOT-P210S512G25","149248,00","ARS","https://mla-s1-p.mlstatic.com/918066-MLA74529091042_022024-AB.jpg","https://insumosacuario.com.ar/hardware/discos-solidos-sata/disco-solido-ssd-2.5a-patriot-512gb-p210-500mb-s-sata-iii-+q-480-+q-500gb-161840.html","discos-solidos-sata"
"Disco Sólido SSD 2.5"" ADATA 480GB Ultimate SU630 520MB/s SATA III","ADATASU630480GBBLISTER","152367,00","ARS","https://mla-s1-p.mlstatic.com/963664-MLA41897683345_052020-AB.jpg","https://insumosacuario.com.ar/hardware/discos-solidos-sata/disco-solido-ssd-2.5a-adata-480gb-ultimate-su630-520mb-s-sata-iii-152896.html","discos-solidos-sata"
"Disco Sólido SSD 2.5"" Kingston 480GB A400 500MB/s SATA III","KINGSSDA400480G","152482,00","ARS","https://mla-s1-p.mlstatic.com/716656-MLA48378137976_112021-AB.jpg","https://insumosacuario.com.ar/hardware/discos-solidos-sata/disco-solido-ssd-2.5a-kingston-480gb-a400-500mb-s-sata-iii-23689.html","discos-solidos-sata"
"Disco Ssd 250gb Western digital WD Green 2.5 545mb/s 240gb","218042","160351,00","ARS","https://www.air-intra.com/imgart/218042.jpg","https://insumosacuario.com.ar/hardware/discos-solidos-sata/disco-ssd-250gb-western-digital-wd-green-2.5-545mb-s-240gb-213483.html","discos-solidos-sata"
"Disco Sólido SSD 2.5"" Lexar 480GB NQ100 550MB/s SATA III","LNQ100X480G-RNNNU","161968,00","ARS","https://mla-s1-p.mlstatic.com/605927-MLA48636024909_122021-AB.jpg","https://insumosacuario.com.ar/hardware/discos-solidos-sata/disco-solido-ssd-2.5a-lexar-480gb-nq100-550mb-s-sata-iii-161603.html","discos-solidos-sata"
"Disco Sólido SSD 2.5"" Crucial 500GB BX500 550MB/s SATA III +q 480gb","CRUCIALBX500500GB","170559,00","ARS","https://mla-s1-p.mlstatic.com/650801-MLA92443454126_092025-AB.jpg","https://insumosacuario.com.ar/hardware/discos-solidos-sata/disco-solido-ssd-2.5a-crucial-500gb-bx500-550mb-s-sata-iii-+q-480gb-159121.html","discos-solidos-sata"
"Disco Ssd 480gb Kingston A400 2.5","27625","184084,00","ARS","https://www.air-intra.com/imgart/27625.jpg","https://insumosacuario.com.ar/hardware/discos-solidos-sata/disco-ssd-480gb-kingston-a400-2.5-213493.html","discos-solidos-sata"
"Disco Sólido SSD 2.5"" Patriot 1TB P210 520MB/s SATA III +q 960gb","PATRIOT-P210S1TB25","237538,00","ARS","https://mla-s1-p.mlstatic.com/990626-MLA50233717376_062022-AB.jpg","https://insumosacuario.com.ar/hardware/discos-solidos-sata/disco-solido-ssd-2.5a-patriot-1tb-p210-520mb-s-sata-iii-+q-960gb-161837.html","discos-solidos-sata"
"Disco Sólido SSD 2.5"" Kingston 960GB A400 500MB/s SATA III","SA400S37/960G","238693,00","ARS","https://mla-s1-p.mlstatic.com/833729-MLA71520897901_092023-AB.jpg","https://insumosacuario.com.ar/hardware/discos-solidos-sata/disco-solido-ssd-2.5a-kingston-960gb-a400-500mb-s-sata-iii-162210.html","discos-solidos-sata"
"Disco Sólido SSD 2.5"" Verbatim 1TB Vi550 S3 560MB/s SATA III +q 960gb","DISCOSSD1TBVERBATIM","229438,00","ARS","https://mla-s1-p.mlstatic.com/692415-MLA49128720598_022022-AB.jpg","https://insumosacuario.com.ar/hardware/discos-solidos-sata/disco-solido-ssd-2.5a-verbatim-1tb-vi550-s3-560mb-s-sata-iii-+q-960gb-162300.html","discos-solidos-sata"
"Disco Sólido SSD 2.5"" Western Digital 1TB Green 545MB/s SATA III +q 960gb","WDS100T3G0A","234535,00","ARS","https://mla-s1-p.mlstatic.com/665003-MLA92846333043_092025-AB.jpg","https://insumosacuario.com.ar/hardware/discos-solidos-sata/disco-solido-ssd-2.5a-western-digital-1tb-green-545mb-s-sata-iii-+q-960gb-194313.html","discos-solidos-sata"
"Disco Sólido SSD 2.5"" Lexar 1TB NQ100 550MB/s SATA III +q 960gb","LNQ100X001T-RNNNG","223620,00","ARS","https://mla-s1-p.mlstatic.com/823473-MLA99903563681_112025-AB.jpg","https://insumosacuario.com.ar/hardware/discos-solidos-sata/disco-solido-ssd-2.5a-lexar-1tb-nq100-550mb-s-sata-iii-+q-960gb-201607.html","discos-solidos-sata"
"Disco Ssd Hiksemi Wave 960gb SATA III","214035","253153,00","ARS","https://www.air-intra.com/imgart/214035.jpg","https://insumosacuario.com.ar/hardware/discos-solidos-sata/disco-ssd-hiksemi-wave-960gb-sata-iii-213423.html","discos-solidos-sata"
"Disco Ssd 480gb Western digital WD Green 2.5 545mb/s","52432","263033,00","ARS","https://www.air-intra.com/imgart/52432.jpg","https://insumosacuario.com.ar/hardware/discos-solidos-sata/disco-ssd-480gb-western-digital-wd-green-2.5-545mb-s-213511.html","discos-solidos-sata"
"Disco Sólido SSD 2.5"" ADATA 1.92TB Ultimate SU630 520MB/s SATA III","ASU630SS-1T92Q","287177,00","ARS","https://mla-s1-p.mlstatic.com/779193-MLA96669640336_112025-AB.jpg","https://insumosacuario.com.ar/hardware/discos-solidos-sata/disco-solido-ssd-2.5a-adata-1.92tb-ultimate-su630-520mb-s-sata-iii-200982.html","discos-solidos-sata"
"Disco Sólido SSD 2.5"" PNY 1TB CS900 535MB/s SATA III +q 960gb","SSD7CS900-1TB-RB","309137,00","ARS","https://mla-s1-p.mlstatic.com/712220-MLA49635476822_042022-AB.jpg","https://insumosacuario.com.ar/hardware/discos-solidos-sata/disco-solido-ssd-2.5a-pny-1tb-cs900-535mb-s-sata-iii-+q-960gb-157393.html","discos-solidos-sata"
"Disco Sólido SSD 2.5"" Western Digital 2TB Green 545MB/s SATA III","WDS200T2G0A","341277,00","ARS","https://mla-s1-p.mlstatic.com/956627-MLA92850356851_092025-AB.jpg","https://insumosacuario.com.ar/hardware/discos-solidos-sata/disco-solido-ssd-2.5a-western-digital-2tb-green-545mb-s-sata-iii-194433.html","discos-solidos-sata"
"Disco Sólido SSD 2.5"" Crucial 2TB BX500 540MB/s SATA III","CRUCIALBX5002TB","360003,00","ARS","https://mla-s1-p.mlstatic.com/884911-MLA41510486885_042020-AB.jpg","https://insumosacuario.com.ar/hardware/discos-solidos-sata/disco-solido-ssd-2.5a-crucial-2tb-bx500-540mb-s-sata-iii-154359.html","discos-solidos-sata"
"Disco Sólido SSD 2.5"" SanDisk 2TB SSD Plus 545MB/s SATA III","SDSSDA-2T00-G26","334173,00","ARS","https://mla-s1-p.mlstatic.com/646445-MLA92483314222_092025-AB.jpg","https://insumosacuario.com.ar/hardware/discos-solidos-sata/disco-solido-ssd-2.5a-sandisk-2tb-ssd-plus-545mb-s-sata-iii-199722.html","discos-solidos-sata"
"Disco Ssd Sata 1tb Western digital WD Green 2.5 545mb/s","52431","515749,00","ARS","https://www.air-intra.com/imgart/52431.jpg","https://insumosacuario.com.ar/hardware/discos-solidos-sata/disco-ssd-sata-1tb-western-digital-wd-green-2.5-545mb-s-213509.html","discos-solidos-sata"
"Disco SSD SATA Empresarial DC600M 960gb Kingston Sata iii 2.5 P/server","213675","1478313,00","ARS","https://cdn.insumosacuario.com.ar/thumb_10-08-2026-06-08-56_SEDC600M_960G_1_pkg-zm-lg.webp","https://insumosacuario.com.ar/hardware/discos-solidos-sata/disco-ssd-sata-empresarial-dc600m-960gb-kingston-sata-iii-2.5-p-server-213403.html","discos-solidos-sata"
"Procesador AMD Athlon 3000G 2 Núcleos 3.5GHz AM4 Radeon Vega 3 Cooler","AMD-YD3000C6M2OFH-COOLER","56078,00","ARS","https://mla-s1-p.mlstatic.com/727062-MLA114291462899_072026-AB.jpg","https://insumosacuario.com.ar/hardware/procesadores-amd/procesador-amd-athlon-3000g-2-nucleos-3.5ghz-am4-radeon-vega-3-cooler-206623.html","procesadores-amd"
"Procesador AMD Ryzen 5 5500 6 Núcleos 4.2GHz AM4 Sin Video Cooler","RYZEN5-5500","163990,00","ARS","https://mla-s1-p.mlstatic.com/977229-MLA49731009406_042022-AB.jpg","https://insumosacuario.com.ar/hardware/procesadores-amd/procesador-amd-ryzen-5-5500-6-nucleos-4.2ghz-am4-sin-video-cooler-155409.html","procesadores-amd"
"Procesador AMD Ryzen 5 3400G 4 Núcleos 4.2GHz AM4 Radeon RX Vega 11 OEM Cooler","RYZ53400GAM4-OEM-COOLER","183179,00","ARS","https://mla-s1-p.mlstatic.com/912429-MLA115547779134_082026-AB.jpg","https://insumosacuario.com.ar/hardware/procesadores-amd/procesador-amd-ryzen-5-3400g-4-nucleos-4.2ghz-am4-radeon-rx-vega-11-oem-cooler-215006.html","procesadores-amd"
"Procesador AMD Ryzen 5 8500G 6 Núcleos 5.0GHz AM5 Radeon 740M Cooler","RYZEN-5-8500G","235805,00","ARS","https://mla-s1-p.mlstatic.com/789045-MLU74466624475_022024-AB.jpg","https://insumosacuario.com.ar/hardware/procesadores-amd/procesador-amd-ryzen-5-8500g-6-nucleos-5.0ghz-am5-radeon-740m-cooler-166031.html","procesadores-amd"
"Procesador AMD Ryzen 7 5700 8 Núcleos 4.6GHz AM4 Sin Video Cooler","AMD-RYZEN-7-5700","243775,00","ARS","https://mla-s1-p.mlstatic.com/881167-MLA80536057922_112024-AB.jpg","https://insumosacuario.com.ar/hardware/procesadores-amd/procesador-amd-ryzen-7-5700-8-nucleos-4.6ghz-am4-sin-video-cooler-196041.html","procesadores-amd"
"Procesador AMD Ryzen 5 5600T 6 Núcleos 4.5GHz AM4 Sin Video","RYZEN5-5600T","302554,00","ARS","https://mla-s1-p.mlstatic.com/909846-MLA80674265230_112024-AB.jpg","https://insumosacuario.com.ar/hardware/procesadores-amd/procesador-amd-ryzen-5-5600t-6-nucleos-4.5ghz-am4-sin-video-198318.html","procesadores-amd"
"Procesador AMD Ryzen 5 5600GT 6 Núcleos 4.6GHz AM4 Radeon Vega 7 Cooler","100-100001488BOX","264538,00","ARS","https://mla-s1-p.mlstatic.com/959314-MLA79351951030_092024-AB.jpg","https://insumosacuario.com.ar/hardware/procesadores-amd/procesador-amd-ryzen-5-5600gt-6-nucleos-4.6ghz-am4-radeon-vega-7-cooler-192929.html","procesadores-amd"
"Procesador AMD Ryzen 7 5700G 8 Núcleos 4.6GHz AM4 Radeon Vega 8 Cooler","RYZEN7-5700G","311910,00","ARS","https://mla-s1-p.mlstatic.com/758083-MLA47034716426_082021-AB.jpg","https://insumosacuario.com.ar/hardware/procesadores-amd/procesador-amd-ryzen-7-5700g-8-nucleos-4.6ghz-am4-radeon-vega-8-cooler-153744.html","procesadores-amd"
"Procesador AMD Ryzen 5 5600XT 6 Núcleos 4.6GHz AM4 Sin Video","RYZEN5-5600XT","327387,00","ARS","https://mla-s1-p.mlstatic.com/785684-MLA80836963525_112024-AB.jpg","https://insumosacuario.com.ar/hardware/procesadores-amd/procesador-amd-ryzen-5-5600xt-6-nucleos-4.6ghz-am4-sin-video-198321.html","procesadores-amd"
"Procesador AMD Ryzen 7 5700X 8 Núcleos 4.6GHz AM4 Sin Video","AMDRYZEN75700X","371872,00","ARS","https://mla-s1-p.mlstatic.com/704008-MLA50295358532_062022-AB.jpg","https://insumosacuario.com.ar/hardware/procesadores-amd/procesador-amd-ryzen-7-5700x-8-nucleos-4.6ghz-am4-sin-video-192025.html","procesadores-amd"
"Procesador AMD Ryzen 5 7600 6 Núcleos 5.1GHz AM5 Radeon Graphics Cooler","RYZEN5-7600","384794,00","ARS","https://mla-s1-p.mlstatic.com/854649-MLU72597804137_102023-AB.jpg","https://insumosacuario.com.ar/hardware/procesadores-amd/procesador-amd-ryzen-5-7600-6-nucleos-5.1ghz-am5-radeon-graphics-cooler-198316.html","procesadores-amd"
"Procesador AMD Ryzen 5 7600X 6 Núcleos 5.3GHz AM5 Radeon Graphics","AMDRYZEN5-7600X","384794,00","ARS","https://mla-s1-p.mlstatic.com/862878-MLA99383752188_112025-AB.jpg","https://insumosacuario.com.ar/hardware/procesadores-amd/procesador-amd-ryzen-5-7600x-6-nucleos-5.3ghz-am5-radeon-graphics-159553.html","procesadores-amd"
"Procesador AMD Ryzen 5 9600 6 Núcleos 5.4GHz AM5 Radeon Graphics Cooler","RYZEN5-9600","398496,00","ARS","https://mla-s1-p.mlstatic.com/757038-MLA93838225941_092025-AB.jpg","https://insumosacuario.com.ar/hardware/procesadores-amd/procesador-amd-ryzen-5-9600-6-nucleos-5.4ghz-am5-radeon-graphics-cooler-200167.html","procesadores-amd"
"Procesador AMD Ryzen 7 8700F 8 Núcleos 5.0GHz AM5 Sin Video Cooler","100-100001590BOX","408631,00","ARS","https://mla-s1-p.mlstatic.com/880185-MLU76892780515_062024-AB.jpg","https://insumosacuario.com.ar/hardware/procesadores-amd/procesador-amd-ryzen-7-8700f-8-nucleos-5.0ghz-am5-sin-video-cooler-192921.html","procesadores-amd"
"Procesador AMD Ryzen 7 8700G 8 Núcleos 5.1GHz AM5 Radeon 780M Cooler","AMD-100001236BOX-RYZ8700G","422795,00","ARS","https://mla-s1-p.mlstatic.com/739446-MLA74443860935_022024-AB.jpg","https://insumosacuario.com.ar/hardware/procesadores-amd/procesador-amd-ryzen-7-8700g-8-nucleos-5.1ghz-am5-radeon-780m-cooler-164790.html","procesadores-amd"
"Procesador AMD Ryzen 7 5800XT 8 Núcleos 4.8GHz AM4 Sin Video Cooler","RYZEN-75800XT","473647,00","ARS","https://mla-s1-p.mlstatic.com/905372-MLA98359288723_112025-AB.jpg","https://insumosacuario.com.ar/hardware/procesadores-amd/procesador-amd-ryzen-7-5800xt-8-nucleos-4.8ghz-am4-sin-video-cooler-206057.html","procesadores-amd"
"Procesador AMD Ryzen 5 9600X 6 Núcleos 5.4GHz AM5 Radeon Graphics","RYZEN5-9600X","489471,00","ARS","https://mla-s1-p.mlstatic.com/792273-MLU78265071148_082024-AB.jpg","https://insumosacuario.com.ar/hardware/procesadores-amd/procesador-amd-ryzen-5-9600x-6-nucleos-5.4ghz-am5-radeon-graphics-191788.html","procesadores-amd"
"Procesador AMD Ryzen 7 7700X 8 Núcleos 5.4GHz AM5 Radeon Graphics","AMDRYZ7-7700X","589528,00","ARS","https://mla-s1-p.mlstatic.com/765080-MLA52321392660_112022-AB.jpg","https://insumosacuario.com.ar/hardware/procesadores-amd/procesador-amd-ryzen-7-7700x-8-nucleos-5.4ghz-am5-radeon-graphics-159326.html","procesadores-amd"
"Procesador AMD Ryzen 7 7800X3D 8 Núcleos 5.0GHz AM5 Radeon Graphics 3D V-Cache","RYZEN-7-7800X3D","750298,00","ARS","https://mla-s1-p.mlstatic.com/670184-MLA54974087756_042023-AB.jpg","https://insumosacuario.com.ar/hardware/procesadores-amd/procesador-amd-ryzen-7-7800x3d-8-nucleos-5.0ghz-am5-radeon-graphics-3d-v-cache-162065.html","procesadores-amd"
"Procesador AMD Ryzen 7 9800X3D 8 Núcleos 5.2GHz AM5 Radeon Graphics 3D V-Cache","100-100001084WOF","963652,00","ARS","https://mla-s1-p.mlstatic.com/913760-MLA80902200096_122024-AB.jpg","https://insumosacuario.com.ar/hardware/procesadores-amd/procesador-amd-ryzen-7-9800x3d-8-nucleos-5.2ghz-am5-radeon-graphics-3d-v-cache-195027.html","procesadores-amd"
"Procesador AMD Ryzen 9 9900X3D 12 Núcleos 5.5GHz AM5 Radeon Graphics 3D V-Cache","100-100001368WOF","1225071,00","ARS","https://mla-s1-p.mlstatic.com/746367-MLA82633768082_032025-AB.jpg","https://insumosacuario.com.ar/hardware/procesadores-amd/procesador-amd-ryzen-9-9900x3d-12-nucleos-5.5ghz-am5-radeon-graphics-3d-v-cache-196328.html","procesadores-amd"
"Gabinete Kit Magnum Tech K735 Negro Atx Fuente 600w Tecladomouse Negro","MAGNUMTECH-MT-K735","37352,00","ARS","https://mla-s1-p.mlstatic.com/952167-MLA99968621861_112025-AB.jpg","https://insumosacuario.com.ar/hardware/gabinetes-con-fuente-/gabinete-kit-magnum-tech-k735-negro-atx-fuente-600w-tecladomouse-negro-205946.html","gabinetes-con-fuente-"
"Gabinete Gamer Cougar Mx110 4 Fans Rgb + Fuente Cougar Altas 650w Certificada 80 Plus Bronze Negro","382BD20.0001-31AL065006P01","117267,00","ARS","https://mla-s1-p.mlstatic.com/966806-MLA108817197029_032026-AB.jpg","https://insumosacuario.com.ar/hardware/gabinetes-con-fuente-/gabinete-gamer-cougar-mx110-4-fans-rgb-fuente-cougar-altas-650w-certificada-80-plus-bronze-negro-203177.html","gabinetes-con-fuente-"
"Gabinete Gamer Cougar Mx110 4 Fans Rgb + Fuente Cougar Ges 850w Certificada 80 Plus Gold Negro","382BD20.0001-31GK085009P01","142765,00","ARS","https://mla-s1-p.mlstatic.com/861921-MLA108043903872_032026-AB.jpg","https://insumosacuario.com.ar/hardware/gabinetes-con-fuente-/gabinete-gamer-cougar-mx110-4-fans-rgb-fuente-cougar-ges-850w-certificada-80-plus-gold-negro-203179.html","gabinetes-con-fuente-"
"Gabinete Jalatec Jt-ks31 Argb + Fuente 750w 80 Plus Bronze","JALATEC-JT-KS31-750W","156583,00","ARS","https://mla-s1-p.mlstatic.com/715798-MLA82397739568_022025-AB.jpg","https://insumosacuario.com.ar/hardware/gabinetes-con-fuente-/gabinete-jalatec-jt-ks31--argb-+-fuente-750w-80-plus-bronze-195692.html","gabinetes-con-fuente-"
"Gabinete Gamer Rgb Qbox 195g3 + Fuente 550w 80+ Plus Bronze","QBOX195G3550W","186571,00","ARS","https://mla-s1-p.mlstatic.com/713237-MLA92471389666_092025-AB.jpg","https://insumosacuario.com.ar/hardware/gabinetes-con-fuente-/gabinete-gamer-rgb-qbox-195g3-+-fuente--550w-80+-plus-bronze-157241.html","gabinetes-con-fuente-"
